product_id,bar_code,sku,product_name,price,handling_admin,handling_supplier,can_urgent,urgent_type,urgent_value,start_date,end_date
14824,0,L-DC:0004,kids Shirt,2,0,0,1,0,4,2016-08-10,2017-09-10
14825,0,GR-SDJ0008147,Freez Lemon Mint Sparkling Water 275 ml,3,0,0,1,0,5,2016-08-11,2017-09-11
15616,0,GR-BK0000447,Mustafa,123,12,13,1,0,5,2016-08-12,2017-09-12
15617,0,GR-BK0000448,TESTMUSTAFA,5,0,0,1,0,5,2016-08-13,2017-09-13
15618,0,GR-BK0000449,Modern Bakery White Bread,6,0,0,1,0,5,2016-08-14,2017-09-14
15619,0,GR-BK0000450,Modern Bakery Brown Bread,7,1,1,1,0,5,2016-08-15,2017-09-15
15620,0,GR-BK0000451,Modern Bakery White Bread,8,0,0,1,0,5,2016-08-16,2017-09-16
15621,0,GR-BK0000452,Lusine Slice Bread Brown,9,0,0,1,0,5,2016-08-17,2017-09-17
15622,0,GR-BK0000453,Lusine Slice Bread White,10,0,0,1,0,5,2016-08-18,2017-09-18
15623,0,GR-BK0000454,Modern Bakery Slice Protein Bread,11,0,0,1,0,5,2016-08-19,2017-09-19
15624,0,GR-BK0000455,Modern Bakery Bread Buns Sesame,12,0,0,1,0,5,2016-08-20,2017-09-20
15625,0,GR-BK0000456,Modern Bakery Bread Buns Plain,13,0,0,1,0,5,2016-08-21,2017-09-21
15626,0,GR-BK0000457,Modern Bakery Sandwich Roll Sesame,14,0,0,1,0,5,2016-08-22,2017-09-22
15627,0,GR-BK0000458,Modern Bakery Sandwich Roll Sesame,15,0,0,1,0,5,2016-08-23,2017-09-23
15628,0,GR-BK0000459,Modern Bakery Sandwich Roll Sesame,16,0,0,1,0,5,2016-08-24,2017-09-24
15629,0,GR-BK0000460,Modern Bakery Sandwich Roll Sesame,17,0,0,1,0,5,2016-08-25,2017-09-25
15630,0,GR-BK0000461,Modern Bakery Sandwich Roll Sesame,18,0,0,1,0,5,2016-08-26,2017-09-26
15631,0,GR-BK0000462,Modern Bakery Sandwich Roll Sesame,19,0,0,1,0,5,2016-08-27,2017-09-27
15632,0,GR-BK0000463,Modern Bakery Sandwich Roll Sesame,20,0,0,1,0,5,2016-08-28,2017-09-28
15633,0,GR-BK0000464,Modern Bakery Sandwich Roll Sesame,21,0,0,1,0,5,2016-08-29,2017-09-29
15634,0,GR-BK0000465,Modern Bakery Sandwich Roll Sesame,22,0,0,1,0,5,2016-08-30,2017-09-30
15635,0,GR-BK0000466,Modern Bakery Sandwich Roll Sesame,23,0,0,1,0,5,2016-08-31,2017-10-01
15636,0,GR-BK0000467,Modern Bakery Lebanese Bread Brown(Big Size),24,0,0,1,0,5,2016-09-01,2017-10-02
15637,0,12342,Test Product,25,1,0,1,0,5,2016-09-02,2017-10-03
15638,0,GR-BK0000468,Modern Bakery Protein Bread,26,0,0,1,0,5,2016-09-03,2017-10-04
15639,0,GR-BK0000469,Golden Loaf Finger Roll,27,0,0,1,0,5,2016-09-04,2017-10-05
15640,0,GR-BK0000470,French Baguette,28,0,0,1,0,5,2016-09-05,2017-10-06
15641,0,GR-BK0000471,Lusine White Sliced Bread,29,0,0,1,0,5,2016-09-06,2017-10-07
15642,0,GR-BK0000472,Lusine Brown Sliced Bread,30,0,0,1,0,5,2016-09-07,2017-10-08
15643,0,GR-BK0000473,Modern Bakery Lebanese Bread White (Medium Size),31,0,0,1,0,5,2016-09-08,2017-10-09
15644,0,GR-BK0000474,Modern Bakery Lebanese Bread White (Big Size),32,0,0,1,0,5,2016-09-09,2017-10-10
15645,0,GR-BK0000475,Modern Bakery Sandwich Roll Plain,33,0,0,1,0,5,2016-09-10,2017-10-11
15646,0,GR-BK0000476,Lusine Multigrain Sliced Bread,34,0,0,1,0,5,2016-09-11,2017-10-12
15647,0,GR-BK0000477,Modern  Bakery Protein Bread,35,0,0,1,0,5,2016-09-12,2017-10-13
15648,0,GR-BK0000478,Capricorn Spanish Roll,36,0,0,1,0,5,2016-09-13,2017-10-14
15649,0,GR-BK0000479,Golden Spike Lebanon Medium Brown Bread,37,0,0,1,0,5,2016-09-14,2017-10-15
15650,0,GR-BK0000480,Lulu Indian Pav,38,0,0,1,0,5,2016-09-15,2017-10-16
15651,0,GR-BK0000481,Modern Bakery Lebanese Bread Brown(Medium Size),39,0,0,1,0,5,2016-09-16,2017-10-17
15652,0,GR-BK0000482,Lulu Sliced Bread Brown 315 Gm,40,0,0,1,0,5,2016-09-17,2017-10-18
15653,0,GR-BK0000483,Modern Bakery Slim Slice Protein Bread,123,1,2,1,0,5,2016-09-18,2017-10-19
15654,0,GR-BK0000484,Lulu Sliced Brown Bread 625 Gm,42,0,0,1,0,5,2016-09-19,2017-10-20
15655,0,GR-BK0000485,Modern Bakery Rugag Bread,43,0,0,1,0,5,2016-09-20,2017-10-21
15656,0,GR-BK0000486,Modern Bakery Multi Grain Bread,44,0,0,1,0,5,2016-09-21,2017-10-22
15657,0,GR-BK0000487,Al Jadeed Bakery Traditional Roti,45,0,0,1,0,5,2016-09-22,2017-10-23
15658,0,GR-BK0000488,Lulu Oven Fresh Sliced Bread Brown 500 GM,46,0,0,1,0,5,2016-09-23,2017-10-24
15659,0,GR-BK0000489,Modern Bakery Arabic Bread White (Small Size),47,0,0,1,0,5,2016-09-24,2017-10-25
15660,0,GR-BK0000490,Modern Bakery Sandwich Roll Sesame 4's,48,0,0,1,0,5,2016-09-25,2017-10-26
15661,0,GR-BK0000491,Lulu Sliced Bread Whole meal 315 Gm,49,0,0,1,0,5,2016-09-26,2017-10-27
15662,0,GR-BK0000492,Lulu Sliced Bread Whole Meal 625 Gm,50,0,0,1,0,5,2016-09-27,2017-10-28
15663,0,GR-BK0000493,Lulu Burger Buns,51,0,0,1,0,5,2016-09-28,2017-10-29
15664,0,GR-BK0000494,Lulu Soft Rolls,52,0,0,1,0,5,2016-09-29,2017-10-30
15665,0,GR-BK0000495,Lulu Sliced Bread Whole Meal 500 Gm,53,0,0,1,0,5,2016-09-30,2017-10-31
15666,0,GR-BK0000496,Lulu Burger Buns With Sesame Seeds,54,0,0,1,0,5,2016-10-01,2017-11-01
15667,0,GR-BK0000497,Lulu Milk Roll,55,0,0,1,0,5,2016-10-02,2017-11-02
15668,0,GR-BK0000498,Modern Bakery Low Calorie Whole Meal Bread,56,0,0,1,0,5,2016-10-03,2017-11-03
15669,0,GR-BK0000499,Golden Loaf Finger Roll Plain,57,0,0,1,0,5,2016-10-04,2017-11-04
15670,0,GR-BK0000500,Lulu Hot Dog Rolls,58,0,0,1,0,5,2016-10-05,2017-11-05
15671,0,GR-BK0000501,Lulu Mini Finger Rolls With Sesame Seeds,59,0,0,1,0,5,2016-10-06,2017-11-06
15672,0,GR-BK0000502,Emirates Al Noor Kaak Sesame,60,0,0,1,0,5,2016-10-07,2017-11-07
15673,0,GR-BK0000503,Ener G Light Brown Rice Loaf Bread at B,61,0,0,1,0,5,2016-10-08,2017-11-08
15674,0,GR-BK0000504,Biona Organic Pumpkin Seed Ray Bread,62,0,0,1,0,5,2016-10-09,2017-11-09
15675,0,GR-BK0000505,Lulu Hot Dog Rolls With Sesame Seeds,63,0,0,1,0,5,2016-10-10,2017-11-10
15676,0,GR-BK0000506,Lulu Pizza Base,64,0,0,1,0,5,2016-10-11,2017-11-11
15677,0,GR-BK0000507,Emirates Al Noor Naaem Bread,65,0,0,1,0,5,2016-10-12,2017-11-12
15678,0,GR-BK0000508,Modern Bakery Multicereal High Fiber Bread,66,0,0,1,0,5,2016-10-13,2017-11-13
15679,0,GR-BK0000509,Modern Bakery Diet Bread 4's,67,0,0,1,0,5,2016-10-14,2017-11-14
15680,0,GR-BK0000510,Al Jadeed Bakery Kak,68,0,0,1,0,5,2016-10-15,2017-11-15
15681,0,GR-BK0000511,Al Jadeed Bakery Arabic Bread,69,0,0,1,0,5,2016-10-16,2017-11-16
15682,0,GR-BK0000512,Al Jadeed Bakery Arabic Brown Bread,70,0,0,1,0,5,2016-10-17,2017-11-17
15683,0,GR-BK0000513,Modern Bakery Kaak Sesame,71,0,0,1,0,5,2016-10-18,2017-11-18
15684,0,GR-BK0000514,Golden Spike Kaak Small Sesame,72,0,0,1,0,5,2016-10-19,2017-11-19
15685,0,GR-BK0000515,Modern Bakery Ka'ak Long Plain,73,0,0,1,0,5,2016-10-20,2017-11-20
15686,0,GR-BK0000516,Al Jadeed Bakery Seeded Roll,74,0,0,1,0,5,2016-10-21,2017-11-21
15687,3033710061983,GR-CS0004120,Nestle Chocapic Cereals 375 gm,75,0,0,1,0,5,2016-10-22,2017-11-22
15688,3387390335750,GR-CS0004121,Nestle Nesquik Cereals 375 gm,76,0,0,1,0,5,2016-10-23,2017-11-23
15689,5900020015389,GR-CS0004122,Nestle Nesquik Cereals 625 Gm,77,0,0,1,0,5,2016-10-24,2017-11-24
15690,7610023052806,GR-CS0004123,Familia Swiss Choco Bits 375 gm,78,0,0,1,0,5,2016-10-25,2017-11-25
15691,4003994111000,GR-CS0004124,Kellogg's Corn Flakes 375 Gm,79,0,0,1,0,5,2016-10-26,2017-11-26
15692,4003994111901,GR-CS0004125,Kellogg's Corn Flakes 500 Gm,80,0,0,1,0,5,2016-10-27,2017-11-27
15693,0,GR-CS0004127,Nestle Fitness Cereals 375 Gm,81,0,0,1,0,5,2016-10-28,2017-11-28
15694,5000127014084,GR-CS0004128,Kellogg's Corn Flakes 1Kg,82,0,0,1,0,5,2016-10-29,2017-11-29
15695,7613032309459,GR-CS0004129,Nestle Fitness Honey & Almond Cereals 355 Gm,83,0,0,1,0,5,2016-10-30,2017-11-30
15696,5900020013453,GR-CS0004130,Nestle Nesquik Duo Whole Grain Cereals 335 Gm,84,0,0,1,0,5,2016-10-31,2017-12-01
15697,5050083907272,GR-CS0004131,Kellogg's Coco Pops 375 gm,85,0,0,1,0,5,2016-11-01,2017-12-02
15698,5050083907166,GR-CS0004132,Kellogg's Coco Pops Jumbo 375 gm,86,0,0,1,0,5,2016-11-02,2017-12-03
15699,5010029000023,GR-CS0004133,Weetabix Original Natural Wholegrain Wheat 430 gm,87,0,0,1,0,5,2016-11-03,2017-12-04
15700,24182021509,GR-CS0004134,Eden Organic Quinoa Whole Grain 454 Gm,88,0,0,1,0,5,2016-11-04,2017-12-05
15701,5050083388798,GR-CS0004135,Kellogg's Coco Pops Rocks 350 Gm,89,0,0,1,0,5,2016-11-05,2017-12-06
15702,5050083192609,GR-CS0004136,Kellogg's Special K Original 375 Gm,90,0,0,1,0,5,2016-11-06,2017-12-07
15703,0,GR-CS0004137,Nestle Lion Caramel & Chocolate  Cereals 400 Gm,91,0,0,1,0,5,2016-11-07,2017-12-08
15704,3387390324037,GR-CS0004138,Nestle Fitness Fruits Low Fat Cereal 375 Gm,92,0,0,1,0,5,2016-11-08,2017-12-09
15705,5010029201246,GR-CS0004139,Alpen Swiss Style Muesli No Added Sugar 560 gm,93,0,0,1,0,5,2016-11-09,2017-12-10
15706,5050083496929,GR-CS0004140,Kellogg's Special K Red Fruit Cereal 375 Gm,94,0,0,1,0,5,2016-11-10,2017-12-11
15707,0,GR-CS0004141,Kellogg's Corn Flakes Honey & Nuts 375 Gm,95,0,0,1,0,5,2016-11-11,2017-12-12
15708,4003994120903,GR-CS0004142,Kellogg's Smacks 375 gm,96,0,0,1,0,5,2016-11-12,2017-12-13
15709,5050083295997,GR-CS0004143,Kellogg's Froot Loops 350 gm,97,0,0,1,0,5,2016-11-13,2017-12-14
15710,5000127159709,GR-CS0004144,Kellogg's Frosties 750 gm,98,0,0,1,0,5,2016-11-14,2017-12-15
15711,4003994113882,GR-CS0004145,Kellogg's Rice Krispies Cereals 375 gm,99,0,0,1,0,5,2016-11-15,2017-12-16
15712,5010029201918,GR-CS0004146,Alpen Original Swiss Style Muesli 625Gm,100,0,0,1,0,5,2016-11-16,2017-12-17
15713,7613031341726,GR-CS0004147,Nestle Cookie Crisp Cereals 375 gm,101,0,0,1,0,5,2016-11-17,2017-12-18
15714,4003994122792,GR-CS0004148,Kellogg's Frosties 250 Gm,102,0,0,1,0,5,2016-11-18,2017-12-19
15715,5000127061095,GR-CS0004149,Kellogg's All Bran Flakes Cereal 500 Gm,103,0,0,1,0,5,2016-11-19,2017-12-20
15716,5000127533196,GR-CS0004150,Kellogg's Variety Packs 8's,104,0,0,1,0,5,2016-11-20,2017-12-21
15717,5050083533921,GR-CS0004151,Kellogg's Special K Oats And Honey 375 Gm,105,0,0,1,0,5,2016-11-21,2017-12-22
15718,0,GR-CS0004152,Nestle Nesquik Cereals 30 gm,106,0,0,1,0,5,2016-11-22,2017-12-23
15719,0,GR-CS0004153,Weetabix Original Bran Flakes Cereals 500 Gm,107,0,0,1,0,5,2016-11-23,2017-12-24
15720,5050083588112,GR-CS0004154,Kellogg's All Bran Flakes Cereal 375 Gm,108,0,0,1,0,5,2016-11-24,2017-12-25
15721,5000127049307,GR-CS0004155,Kellogg's Crunchy Nut 500 gm,109,0,0,1,0,5,2016-11-25,2017-12-26
15722,5000127521056,GR-CS0004156,Kellogg's Special K Red Berries 500 Gm,110,0,0,1,0,5,2016-11-26,2017-12-27
15723,4003994124154,GR-CS0004157,Kellogg's Frosties 500 gm,111,0,0,1,0,5,2016-11-27,2017-12-28
15724,5050083480461,GR-CS0004158,Kellogg's Special K Cereal Milk Chocolate 300 Gm,112,0,0,1,0,5,2016-11-28,2017-12-29
15725,5050083392832,GR-CS0004159,Kellogg's Chocos 40 Gm,113,0,0,1,0,5,2016-11-29,2017-12-30
15726,5018357006816,GR-CS0004160,Dorset Cereals Simply Delicious Muesli 620 Gm,114,0,0,1,0,5,2016-11-30,2017-12-31
15727,5350354001976,GR-CS0004161,Kellogg's Coco Pops Chocos 500 gm,115,0,0,1,0,5,2016-12-01,2018-01-01
15728,5018357006793,GR-CS0004162,Dorset Cereals Berries & Cherries Muesli 620 Gm,116,0,0,1,0,5,2016-12-02,2018-01-02
15729,5050083414848,GR-CS0004163,Kellogg's Miel Pops 375 gm,117,0,0,1,0,5,2016-12-03,2018-01-03
15730,5018357006717,GR-CS0004164,"Dorset Cereals Fruit, Nuts & Seeds 560 Gm",118,0,0,1,0,5,2016-12-04,2018-01-04
15731,5018357006755,GR-CS0004165,Dorset Cereals Super High Fibre Muesli 540 Gm,119,0,0,1,0,5,2016-12-05,2018-01-05
15732,0,GR-CS0004166,Weetabix Original Natural Wholegrain Wheat 215 gm,120,0,0,1,0,5,2016-12-06,2018-01-06
15733,5900020004130,GR-CS0004167,Nestle Country Corn Flakes 375 Gm,121,0,0,1,0,5,2016-12-07,2018-01-07
15734,42563008291,GR-CS0004168,Woodstock Organic Flax Seeds 397 Gm,122,0,0,1,0,5,2016-12-08,2018-01-08
15735,5018357006731,42563008291,Dorset Cereals Really Nutty 560 Gm,123,0,0,1,0,5,2016-12-09,2018-01-09
15736,5900020004116,GR-CS0004170,Nestle Country Corn Flakes 700 Gm,124,0,0,1,0,5,2016-12-10,2018-01-10
15737,5000127249103,GR-CS0004171,Kellogg's Coco Pops 500 gm,125,0,0,1,0,5,2016-12-11,2018-01-11
15738,0,GR-CS0004172,Whole Earth Organic Maple Frosted Flakes 375 Gm,126,0,0,1,0,5,2016-12-12,2018-01-12
15739,5011766777957,GR-CS0004173,Doves Farm Fibre Flakes Gluten Free 300 Gm,127,0,0,1,0,5,2016-12-13,2018-01-13
15740,5011766777728,GR-CS0004174,Doves Farm Gluten Free And Organic Chocolate Stars 375 Gm,128,0,0,1,0,5,2016-12-14,2018-01-14
15741,25335220152,GR-CS0004175,Old Wessex Organic Instant Oatmeal 454 Gm,129,0,0,1,0,5,2016-12-15,2018-01-15
15742,721865858949,GR-CS0004176,Doves Farm Organic Corn Flakes Low Fat 375 Gm,130,0,0,1,0,5,2016-12-16,2018-01-16
15743,58449600572,GR-CS0004177,Nature's Path Organic Corn Flakes Fruit Juice Sweetened 300 Gm,131,0,0,1,0,5,2016-12-17,2018-01-17
15744,0,GR-CS0004178,Doves Farm Cereal Flakes Gluten Free Low Fat 375 Gm,132,0,0,1,0,5,2016-12-18,2018-01-18
15745,0,GR-CS0004179,Alara Organic Rich Muesli 500 Gm,133,0,0,1,0,5,2016-12-19,2018-01-19
15746,0,GR-CS0004180,Pertwood Farm Organic Muesli Delicious Fruits 650 Gm,134,0,0,1,0,5,2016-12-20,2018-01-20
15747,0,GR-CS0004182,Big Oz Luxury Red Berries Granola Gluten Free 450 Gm,135,0,0,1,0,5,2016-12-21,2018-01-21
15748,0,GR-CS0004183,Big Oz Organic Brown Rice Puffs 225 Gm,136,0,0,1,0,5,2016-12-22,2018-01-22
15749,0,GR-CS0004184,Big Oz Chocolate Buckwheat Flakes With Raspberries 350 Gm,137,0,0,1,0,5,2016-12-23,2018-01-23
15750,0,GR-CS0004185,Big Oz Organic Gluten Free 5 Grain Super Cereal 350 Gm,138,0,0,1,0,5,2016-12-24,2018-01-24
15751,0,GR-CS0004186,General Mills Gluten Free Vanilla Chex 343 Gm,139,0,0,1,0,5,2016-12-25,2018-01-25
15752,0,GR-CS0004187,General Mills Wheat Chex 396 Gm,140,0,0,1,0,5,2016-12-26,2018-01-26
15753,3850104259623,GR-CS0004188,Lino Pillows Extruded Cereal Pillows Filled With Milk Spread 80 Gm,141,0,0,1,0,5,2016-12-27,2018-01-27
15754,3850104259630,GR-CS0004189,Lino Pillows Extruded Cereal Pillows Filled With Cocoa Spread 80 Gm,142,0,0,1,0,5,2016-12-28,2018-01-28
15755,5016786000108,GR-CS0004190,Pertwood Farm Organic Granola with Fruits and Nuts 500 Gm,143,0,0,1,0,5,2016-12-29,2018-01-29
15756,5016786000238,GR-CS0004191,Pertwood Farm Organic Muesli Fruits and Seeds 650 Gm,144,0,0,1,0,5,2016-12-30,2018-01-30
15757,0,GR-CS0004192,Post Honey Bunches of Oats with Strawberry 368 Gm,145,0,0,1,0,5,2016-12-31,2018-01-31
15758,3387390326468,GR-CS0004193,Nestle Fitness Chocolate Cereals Made With Whole Grain 375 Gm,146,0,0,1,0,5,2017-01-01,2018-02-01
15759,4003994112427,GR-CS0004194,Kellogg's Corn Flakes 750 Gm,147,0,0,1,0,5,2017-01-02,2018-02-02
15760,0,GR-CS0004195,Kellogg's All Bran Raisins 500 Gm,148,0,0,1,0,5,2017-01-03,2018-02-03
15761,0,GR-CS0004196,Weetabix Minis Choco 600 Gm,149,0,0,1,0,5,2017-01-04,2018-02-04
15762,5010029204704,GR-CS0004197,Weetabix Minis Fruit And Nuts 600 Gm,150,0,0,1,0,5,2017-01-05,2018-02-05
15763,0,GR-CS0004200,Kellogg's Frosties 35 Gm,151,0,0,1,0,5,2017-01-06,2018-02-06
15764,0,GR-CS0004201,Kellogg's Coco Pops Mini Crocs 350 Gm,152,0,0,1,0,5,2017-01-07,2018-02-07
15765,5011476102544,GR-CS0004202,Nestle Coco Shreddies 500 Gm,153,0,0,1,0,5,2017-01-08,2018-02-08
15766,5010029001808,GR-CS0004203,Alpen Original Swiss Style Muesli 375 Gm,154,0,0,1,0,5,2017-01-09,2018-02-09
15767,0,GR-CS0004207,Big Oz Organic Honey Brown Rice Puffs 250 Gm,155,0,0,1,0,5,2017-01-10,2018-02-10
15768,4003994111000,GR-CS0004208,Kellogg's Corn Flakes 375 Gm,156,0,0,1,0,5,2017-01-11,2018-02-11
15769,4003994150245,GR-CS0004209,Kellogg's Coco Pops Chocos 375 Gm,157,0,0,1,0,5,2017-01-12,2018-02-12
15770,4003994127582,GR-CS0004210,Kellogg's Coco Pops 375 Gm,158,0,0,1,0,5,2017-01-13,2018-02-13
15771,5060044770760,GR-CS0004214,Big Oz Organic Gluten Free Quinoa Flakes 500 Gm,159,0,0,1,0,5,2017-01-14,2018-02-14
15772,0,GR-CS0004215,Big Oz Organic Porridge Flakes Gluten Free 500 gm,160,0,0,1,0,5,2017-01-15,2018-02-15
15773,0,GR-CS0004216,Big Oz Organic Millet Flakes Gluten Free 500 Gm,161,0,0,1,0,5,2017-01-16,2018-02-16
15774,0,GR-CS0004217,Big Oz Organic Crispy Millet Flakes 350 Gm,162,0,0,1,0,5,2017-01-17,2018-02-17
15775,0,GR-CS0004218,Big Oz Organic Buckwheat Flakes 500 Gm,163,0,0,1,0,5,2017-01-18,2018-02-18
15776,804345000073,GR-CS0004219,Barkat Porridge Flakes Gluten Free 500 Gm,164,0,0,1,0,5,2017-01-19,2018-02-19
15777,74333476856,GR-CS0004220,Arrow Head Mills Organic Golden Flax Seeds 396 gm,165,0,0,1,0,5,2017-01-20,2018-02-20
15778,0,GR-CS0004221,Ancient Harvest Organic Quinoa Hot Cereal Flak 340 gm,166,0,0,1,0,5,2017-01-21,2018-02-21
15779,0,GR-CS0004222,Nature's Path Organic Gluten Free O'S Cereal Whole Grain Rice 325 Gm,167,0,0,1,0,5,2017-01-22,2018-02-22
15780,32894010889,GR-CJ0003150,California Garden Fava Beans Peeled Secret Recipe 450 gm,168,0,0,1,0,5,2017-01-23,2018-02-23
15781,32894010247,GR-CJ0003066,California Garden Chick Peas 400 gm,169,0,0,1,0,5,2017-01-24,2018-02-24
15782,2810401013,GR-CJ0003068,Halwani Finest Tahina Plastic Bottle 500 gm,170,0,0,1,0,5,2017-01-25,2018-02-25
15783,32894010278,GR-CJ0003069,California Garden Red Kidney Beans Dark 400 gm,171,0,0,1,0,5,2017-01-26,2018-02-26
15784,3254471007038,GR-CJ0003070,Green Giant Original Sweet Corn 198 Gm,172,0,0,1,0,5,2017-01-27,2018-02-27
15785,617950706328,GR-CJ0003071,Al Alali Sweet Whole Kernel Corn 200 gm,173,0,0,1,0,5,2017-01-28,2018-02-28
15786,6294011600029,GR-CJ0003072,Lulu Tahina Made Of 100% Pure Sesame Seeds 600 gm,174,0,0,1,0,5,2017-01-29,2018-03-01
15787,6281041027919,GR-CJ0003074,Halwani Finest Tahina Plastic Bottle 1 Kg,175,0,0,1,0,5,2017-01-30,2018-03-02
15788,32894010438,GR-CJ0003075,California Garden Mushrooms Pieces & Stems 425 gm,176,0,0,1,0,5,2017-01-31,2018-03-03
15789,32894011107,GR-CJ0003077,California Garden Hommos Tahina Dip 400 gm,177,0,0,1,0,5,2016-08-01T14:30:00.000Z,2017-08-02T14:29:00.000Z
15790,8000066447346,GR-CJ0003078,Mara Red Kidney Beans 400 gm,178,0,0,1,0,5,2016-08-01T14:30:00.000Z,2017-08-02T14:29:00.000Z
15791,617950701460,GR-CJ0003079,Al Alali Sweet Whole Kernel Corn 425 gm,179,0,0,1,0,5,2016-08-01T14:30:00.000Z,2017-08-02T14:29:00.000Z
15792,0,GR-CJ0003080,Halwani Finest Tahina Tin 1 Kg,180,0,0,1,0,5,2016-08-01T14:30:00.000Z,2017-08-02T14:29:00.000Z
15793,617950700371,GR-CJ0003081,Al Alali Mushrooms Pieces & Stems 400 gm,181,0,0,1,0,5,2016-08-01T14:30:00.000Z,2017-08-02T14:29:00.000Z
15794,0,GR-CJ0003082,Mara Chick Peas 400 gm,182,0,0,1,0,5,2016-08-01T14:30:00.000Z,2017-08-02T14:29:00.000Z
15795,3254471007045,GR-CJ0003083,Green Giant Original Sweet Corn 340 gm,183,0,0,1,0,5,2016-08-01T14:30:00.000Z,2017-08-02T14:29:00.000Z
15796,32894010445,GR-CJ0003084,California Garden Mushrooms 425 Gm,184,0,0,1,0,5,2016-08-01T14:30:00.000Z,2017-08-02T14:29:00.000Z
15797,32894011114,GR-CJ0003085,California Garden Hommos Tahina Dip 200 gm,185,0,0,1,0,5,2016-08-01T14:30:00.000Z,2017-08-02T14:29:00.000Z
15798,3254471007045,GR-CJ0003086,Green Giant No Added Salt Sweet Corn 340 gm,186,0,0,1,0,5,2016-08-01T14:30:00.000Z,2017-08-02T14:29:00.000Z
15799,735143083626,GR-CJ0003087,Cortas Hummos Tahina 400 gm,187,0,0,1,0,5,2016-08-01T14:30:00.000Z,2017-08-02T14:29:00.000Z
15800,5011673104266,GR-CJ0003089,Epicure Black Beans 400 Gm,188,0,0,1,0,5,2016-08-01T14:30:00.000Z,2017-08-02T14:29:00.000Z
15801,24000104582,GR-CJ0003090,Del Monte Golden Sweet Corn In Brine 410 Gm,189,0,0,1,0,5,2016-08-01T14:30:00.000Z,2017-08-02T14:29:00.000Z
15802,735143003112,GR-CJ0003091,Cortas Hummos Tahina 185 gm,190,0,0,1,0,5,2016-08-01T14:30:00.000Z,2017-08-02T14:29:00.000Z
15803,5011673109483,GR-CJ0003092,Epicure Organic Black Beans 400 Gm,191,0,0,1,0,5,2016-08-01T14:30:00.000Z,2017-08-02T14:29:00.000Z
15804,0,GR-CJ0003093,Del Monte Red Kidney Beans 400 gm,192,0,0,1,0,5,2016-08-01T14:30:00.000Z,2017-08-02T14:29:00.000Z
15805,39000042109,GR-CJ0003094,Libby's Very Young And Tender Sweat Peas 425 Gm,193,0,0,1,0,5,2016-08-01T14:30:00.000Z,2017-08-02T14:29:00.000Z
15806,5011673104655,GR-CJ0003095,Epicure Organic Red Kidney Beans 400 Gm,194,0,0,1,0,5,2016-08-01T14:30:00.000Z,2017-08-02T14:29:00.000Z
15807,5011673104648,GR-CJ0003096,Epicure Organic Chick Peas 400 Gm,195,0,0,1,0,5,2016-08-01T14:30:00.000Z,2017-08-02T14:29:00.000Z
15808,39000032315,GR-CJ0003097,Libby's Sliced Beets 425 Gm,196,0,0,1,0,5,2016-08-01T14:30:00.000Z,2017-08-02T14:29:00.000Z
15809,0,GR-CJ0003098,Green Giant Red Kidney Beans 420 gm,197,0,0,1,0,5,2016-08-01T14:30:00.000Z,2017-08-02T14:29:00.000Z
15810,5011673104662,GR-CJ0003099,Epicure Organic Beans Cuisine 400 Gm,198,0,0,1,0,5,2016-08-01T14:30:00.000Z,2017-08-02T14:29:00.000Z
15811,5011673109438,GR-CJ0003100,Epicure Organic Aduki Beans 400 Gm,199,0,0,1,0,5,2016-08-01T14:30:00.000Z,2017-08-02T14:29:00.000Z
15812,5011673109445,GR-CJ0003101,Epicure Organic Haricot Beans 400 Gm,200,0,0,1,0,5,2016-08-01T14:30:00.000Z,2017-08-02T14:29:00.000Z
15813,5011673143401,GR-CJ0003102,Epicure Chick Peas In Salted Water 400 Gm,201,0,0,1,0,5,2016-08-01T14:30:00.000Z,2017-08-02T14:29:00.000Z
15814,0,GR-CJ0003103,Eden Organic Black Soy Beans 425 Gm,202,0,0,1,0,5,2016-08-01T14:30:00.000Z,2017-08-02T14:29:00.000Z
15815,0,GR-CJ0003104,Eden Organic Cajun Brown Rice And Beans 425 Gm,203,0,0,1,0,5,2016-08-01T14:30:00.000Z,2017-08-02T14:29:00.000Z
15816,0,GR-CJ0003105,Eden Organic Mexican Rice And Beans 425 Gm,204,0,0,1,0,5,2016-08-01T14:30:00.000Z,2017-08-02T14:29:00.000Z
15817,0,GR-CJ0003106,Eden Organic Refried Black Beans 454 Gm,205,0,0,1,0,5,2016-08-01T14:30:00.000Z,2017-08-02T14:29:00.000Z
15818,0,GR-CJ0003107,Eden Organic Caribbean Rice And Beans 425 GM,206,0,0,1,0,5,2016-08-01T14:30:00.000Z,2017-08-02T14:29:00.000Z
15819,0,GR-CJ0003108,Eden Organic Refried Kidney Beans 425 Gm,207,0,0,1,0,5,2016-08-01T14:30:00.000Z,2017-08-02T14:29:00.000Z
15820,0,GR-CJ0003109,Eden Organic Baked Beans 425 Gm,208,0,0,1,0,5,2016-08-01T14:30:00.000Z,2017-08-02T14:29:00.000Z
15821,0,GR-CJ0003110,Eden Organic Spanish Rice And Beans 425 Gm,209,0,0,1,0,5,2016-08-01T14:30:00.000Z,2017-08-02T14:29:00.000Z
15822,0,GR-CJ0003111,Eden Organic Curried Rice And Beans 425 GM,210,0,0,1,0,5,2016-08-01T14:30:00.000Z,2017-08-02T14:29:00.000Z
15823,5032722309784,GR-CJ0003112,Biona Organic Lentils Vert 400 Gm,211,0,0,1,0,5,2016-08-01T14:30:00.000Z,2017-08-02T14:29:00.000Z
15824,5011673144019,GR-CJ0003113,Epicure Cannellini Beans in Salted Water 400 Gm,212,0,0,1,0,5,2016-08-01T14:30:00.000Z,2017-08-02T14:29:00.000Z
15825,39000036511,GR-CJ0003114,Libby's Supersweet Whole Kernel Corn 340 Gm,213,0,0,1,0,5,2016-08-01T14:30:00.000Z,2017-08-02T14:29:00.000Z
15826,717273501010,GR-CJ0003115,American Garden Sliced Beets 425 Gm,214,0,0,1,0,5,2016-08-01T14:30:00.000Z,2017-08-02T14:29:00.000Z
15827,39000036511,GR-CJ0003116,Libby's Golden Sweet Cream Style Corn 418 Gm,215,0,0,1,0,5,2016-08-01T14:30:00.000Z,2017-08-02T14:29:00.000Z
15828,788930065107,GR-CJ0003117,Libby's Chick Peas 400 Gm,216,0,0,1,0,5,2016-08-01T14:30:00.000Z,2017-08-02T14:29:00.000Z
15829,0,GR-CJ0003118,Libby's Whole Mushrooms 184 Gm,217,0,0,1,0,5,2016-08-01T14:30:00.000Z,2017-08-02T14:29:00.000Z
15830,3289401013,GR-CJ0003119,California Garden Whole Kernel Sweet Corn 425 Gm,218,0,0,1,0,5,2016-08-01T14:30:00.000Z,2017-08-02T14:29:00.000Z
15831,5285001020034,GR-CJ0003120,Mounir Bissat Tahina 700 Gm,219,0,0,1,0,5,2016-08-01T14:30:00.000Z,2017-08-02T14:29:00.000Z
15832,39000036436,GR-CJ0003121,Libby's Golden Sweet Whole Kernel Corn 198 Gm,220,0,0,1,0,5,2016-08-01T14:30:00.000Z,2017-08-02T14:29:00.000Z
15833,617950703341,GR-CJ0003122,Al Alali Sweet Whole Kernel Corn 340 Gm,221,0,0,1,0,5,2016-08-01T14:30:00.000Z,2017-08-02T14:29:00.000Z
15834,24000102328,GR-CJ0003123,Del Monte Chick Peas 400 Gm,222,0,0,1,0,5,2016-08-01T14:30:00.000Z,2017-08-02T14:29:00.000Z
15835,0,GR-CJ0003124,California Garden Chick Peas 400 Gm x 4,223,0,0,1,0,5,2016-08-01T14:30:00.000Z,2017-08-02T14:29:00.000Z
15836,6901009004775,GR-CJ0003125,Narcissus Mushrooms Pieces And Stems 425 Gm,224,0,0,1,0,5,2016-08-01T14:30:00.000Z,2017-08-02T14:29:00.000Z
15837,6281020010413,GR-CJ0003126,Luna Chick Peas 400 Gm,225,0,0,1,0,5,2016-08-01T14:30:00.000Z,2017-08-02T14:29:00.000Z
15838,39000036559,GR-CJ0003128,Libby's Golden Sweet Whole Kernel Corn 425 Gm,226,0,0,1,0,5,2016-08-01T14:30:00.000Z,2017-08-02T14:29:00.000Z
15839,8852671010701,GR-CJ0003130,King Bell Whole Kernel Sweet Corn 425 Gm,227,0,0,1,0,5,2016-08-01T14:30:00.000Z,2017-08-02T14:29:00.000Z
15840,5011673109056,GR-CJ0003132,Epicure Organic Butter Beans In Water With No Added Salt 400 Gm,228,0,0,1,0,5,2016-08-01T14:30:00.000Z,2017-08-02T14:29:00.000Z
15841,5011673141353,GR-CJ0003133,Epicure Petits Pois And Whole Baby Carrots In Salted Water 400 Gm,229,0,0,1,0,5,2016-08-01T14:30:00.000Z,2017-08-02T14:29:00.000Z
15842,0,GR-CJ0003134,Epicure Butter Beans In Salted Water 400 Gm,230,0,0,1,0,5,2016-08-01T14:30:00.000Z,2017-08-02T14:29:00.000Z
15843,0,GR-CJ0003135,Libby's Pieces And Stems Mushrooms 184 Gm,231,0,0,1,0,5,2016-08-01T14:30:00.000Z,2017-08-02T14:29:00.000Z
15844,0,GR-CJ0003136,Ma Ling Mushrooms Pieces And Stems 425 Gm,232,0,0,1,0,5,2016-08-01T14:30:00.000Z,2017-08-02T14:29:00.000Z
15845,5285001020041,GR-CJ0003137,Mounir Bissat Tahina 350 Gm,233,0,0,1,0,5,2016-08-01T14:30:00.000Z,2017-08-02T14:29:00.000Z
15846,0,GR-CJ0003138,Libby's Full Sliced Mushrooms 184 Gm,234,0,0,1,0,5,2016-08-01T14:30:00.000Z,2017-08-02T14:29:00.000Z
15847,5285001407118,GR-CJ0003139,Chtoura Foods Ground Sesame Paste 800 Gm,235,0,0,1,0,5,2016-08-01T14:30:00.000Z,2017-08-02T14:29:00.000Z
15848,0,GR-CJ0003140,Libby's Pieces And Stems Mushrooms 400 Gm,236,0,0,1,0,5,2016-08-01T14:30:00.000Z,2017-08-02T14:29:00.000Z
15849,617950701378,GR-CJ0003141,Al Alali Whole Mushrooms 400 Gm,237,0,0,1,0,5,2016-08-01T14:30:00.000Z,2017-08-02T14:29:00.000Z
15850,0,GR-CJ0003142,Organiqelle Natural Black Beans 439 Gm,238,0,0,1,0,5,2016-08-01T14:30:00.000Z,2017-08-02T14:29:00.000Z
15851,0,GR-CJ0003143,Del Monte Palm Hearts In Brine 410 Gm,239,0,0,1,0,5,2016-08-01T14:30:00.000Z,2017-08-02T14:29:00.000Z
15852,0,GR-CJ0003144,Epicure Organic Cannellini Beans 400 Gm,240,0,0,1,0,5,2016-08-01T14:30:00.000Z,2017-08-02T14:29:00.000Z
15853,0,GR-CJ0003145,Eden Organic Rice And Chick Peas 425 Gm,241,0,0,1,0,5,2016-08-01T14:30:00.000Z,2017-08-02T14:29:00.000Z
15854,32894010308,GR-CJ0003146,California Garden Premium Fava Beans Plain Medammes 450 Gm,242,0,0,1,0,5,2016-08-01T14:30:00.000Z,2017-08-02T14:29:00.000Z
15855,32894010339,GR-CJ0003147,California Garden Baked Beans In Tomato Sauce 420 Gm,243,0,0,1,0,5,2016-08-01T14:30:00.000Z,2017-08-02T14:29:00.000Z
15856,6290090017000,GR-CJ0003148,Heinz Beans  200 Gm,244,0,0,1,0,5,2016-08-01T14:30:00.000Z,2017-08-02T14:29:00.000Z
15857,32894010902,GR-CJ0003149,California Garden Fava Beans Lebanese Recipe 450 gm,245,0,0,1,0,5,2016-08-01T14:30:00.000Z,2017-08-02T14:29:00.000Z
15858,5000157024671,GR-CJ0003151,Heinz Baked Beans 415 Gm,246,0,0,1,0,5,2016-08-01T14:30:00.000Z,2017-08-02T14:29:00.000Z
15859,32894010933,GR-CJ0003152,California Garden Baked Beans In Tomato Sauce 220 Gm,247,0,0,1,0,5,2016-08-01T14:30:00.000Z,2017-08-02T14:29:00.000Z
15860,32894010896,GR-CJ0003153,California Garden Fava Beans Peeled With Chilli 450 gm,248,0,0,1,0,5,2016-08-01T14:30:00.000Z,2017-08-02T14:29:00.000Z
15861,32894010919,GR-CJ0003154,California Garden Fava Beans Egyptian Recipe 450 gm,249,0,0,1,0,5,2016-08-01T14:30:00.000Z,2017-08-02T14:29:00.000Z
15862,0,GR-CJ0003155,Libby's Baked Beans In Tomato Sauce 220 Gm,250,0,0,1,0,5,2016-08-01T14:30:00.000Z,2017-08-02T14:29:00.000Z
15863,32894010940,GR-CJ0003156,California Garden Fava Beans Saudi Koshna Recipe 450 gm,251,0,0,1,0,5,2016-08-01T14:30:00.000Z,2017-08-02T14:29:00.000Z
15864,6281020010710,GR-CJ0003157,Luna Baked Beans In Tomato Sauce 400 Gm,252,0,0,1,0,5,2016-08-01T14:30:00.000Z,2017-08-02T14:29:00.000Z
15865,7612500002632,GR-CJ0003158,Libby's Baked Beans In Tomato Sauce 420 Gm,253,0,0,1,0,5,2016-08-01T14:30:00.000Z,2017-08-02T14:29:00.000Z
15866,32894011152,GR-CJ0003159,California Garden Strained Fava Beans 450 Gm,254,0,0,1,0,5,2016-08-01T14:30:00.000Z,2017-08-02T14:29:00.000Z
15867,5000157024671,GR-CJ0003161,Heinz Beanz Organic Baked Beans 415 Gm,255,0,0,1,0,5,2016-08-01T14:30:00.000Z,2017-08-02T14:29:00.000Z
15868,8000066447360,GR-CJ0003162,Mara Baked Beans In Tomato Sauce 400 Gm,256,0,0,1,0,5,2016-08-01T14:30:00.000Z,2017-08-02T14:29:00.000Z
15869,32894010926,GR-CJ0003163,California Garden Fava Beans With Tahina 450 Gm,257,0,0,1,0,5,2016-08-01T14:30:00.000Z,2017-08-02T14:29:00.000Z
15870,32894011213,GR-CJ0003164,California Garden Bajela 450 Gm,258,0,0,1,0,5,2016-08-01T14:30:00.000Z,2017-08-02T14:29:00.000Z
15871,6281020010215,GR-CJ0003165,Luna Foul Medames 400 Gm,259,0,0,1,0,5,2016-08-01T14:30:00.000Z,2017-08-02T14:29:00.000Z
15872,0,GR-CJ0003166,California Garden Fava Beans Plain Medammes 450 Gm*( 5 + 1),260,0,0,1,0,5,2016-08-01T14:30:00.000Z,2017-08-02T14:29:00.000Z
15873,6290090017000,GR-CJ0003167,Heinz Baked Beans Reduced Sugar & Salt 200 Gm,261,0,0,1,0,5,2016-08-01T14:30:00.000Z,2017-08-02T14:29:00.000Z
15874,6281020010314,GR-CJ0003127,Luna Green Peas 400 Gm,262,0,0,1,0,5,2016-08-01T14:30:00.000Z,2017-08-02T14:29:00.000Z
15875,32894010889,GR-CJ0003150,California Garden Fava Beans Peeled Secret Recipe 450 gm,263,0,0,1,0,5,2016-08-01T14:30:00.000Z,2017-08-02T14:29:00.000Z
15876,0,GR-CJ0003207,Zwan Luncheon Meat Hot And Spicy 340 Gm,264,0,0,1,0,5,2016-08-01T14:30:00.000Z,2017-08-02T14:29:00.000Z
17893,9310140001531,GR-CS0002338,"Sun Rice Thin Salt And Balsamic Vinegar Flavoured Rice Cakes, 195 gm",265,0,0,1,0,5,2016-08-01T14:30:00.000Z,2017-08-02T14:29:00.000Z
17894,750515018235,GR-CS0002922,Sky Flakes Crackers 200 Gm,266,0,0,1,0,5,2016-08-01T14:30:00.000Z,2017-08-02T14:29:00.000Z
17895,5413540000406,GR-CS0002402,Ferrero Kinder Schoko-Bons 125 gm,267,0,0,1,0,5,2016-08-01T14:30:00.000Z,2017-08-02T14:29:00.000Z
17896,4011100023925,GR-CS0002405,"Bounty Miniatures, 150 gm",268,0,0,1,0,5,2016-08-01T14:30:00.000Z,2017-08-02T14:29:00.000Z
17897,0,GR-CS0002406,"Cadbury Flake Chocolate, 250 gm",269,0,0,1,0,5,2016-08-01T14:30:00.000Z,2017-08-02T14:29:00.000Z
17898,6294003532956,GR-CS0002467,"Nestle Kit Kat Two Finger Milk Chocolate Bar, 20.5 Gm",270,0,0,1,0,5,2016-08-01T14:30:00.000Z,2017-08-02T14:29:00.000Z
17899,5000159461122,GR-CS0002468,"Snickers Milk Chocolate With Soft Nougat Peanut & Caramel, 50 Gm",271,0,0,1,0,5,2016-08-01T14:30:00.000Z,2017-08-02T14:29:00.000Z
17900,6221134001068,GR-CS0002469,"Galaxy Smooth Milk Chocolate, 40 Gm",272,0,0,1,0,5,2016-08-01T14:30:00.000Z,2017-08-02T14:29:00.000Z
17901,6294003532987,GR-CS0002470,"Nestle Kit Kat 4 Finger Milk Chocolate Bar, 41.5 Gm",273,0,0,1,0,5,2016-08-01T14:30:00.000Z,2017-08-02T14:29:00.000Z
17902,80050278,GR-CS0002471,"Ferrero Rocher Hazelnut & Milk Chocolate, 30 Gm",274,0,0,1,0,5,2016-08-01T14:30:00.000Z,2017-08-02T14:29:00.000Z
17903,50294282,GR-CS0002472,"Nestle Milkybar, 12 Gm",275,0,0,1,0,5,2016-08-01T14:30:00.000Z,2017-08-02T14:29:00.000Z
17904,5000159020312,GR-CS0002473,"Maltesers Milk Chocolate, 37 gm",276,0,0,1,0,5,2016-08-01T14:30:00.000Z,2017-08-02T14:29:00.000Z
17905,80052487,GR-CS0002474,"Ferrero Raffaello Coconut Chocolate, 30 Gm",277,0,0,1,0,5,2016-08-01T14:30:00.000Z,2017-08-02T14:29:00.000Z
17906,5000159459228,GR-CS0002475,"Twix Twin Chocolate, 50 Gm",278,0,0,1,0,5,2016-08-01T14:30:00.000Z,2017-08-02T14:29:00.000Z
17907,6294001813347,GR-CS0002476,"Snickers Milk Chocolate With Soft Nougat Peanut & Caramel, 80 Gm",279,0,0,1,0,5,2016-08-01T14:30:00.000Z,2017-08-02T14:29:00.000Z
17908,6221134000986,GR-CS0002477,"Galaxy Hazelnut Chocolate, 40 Gm",280,0,0,1,0,5,2016-08-01T14:30:00.000Z,2017-08-02T14:29:00.000Z
17909,0,GR-CS0002478,Kinder Bueno with Milk & Hazelnut Chocolate,281,0,0,1,0,5,2016-08-01T14:30:00.000Z,2017-08-02T14:29:00.000Z
17910,4607065371340,GR-CS0002479,"Bounty Coconut Covered In Milk Chocolate, 55 Gm",282,0,0,1,0,5,2016-08-01T14:30:00.000Z,2017-08-02T14:29:00.000Z
17911,5000159407236,GR-CS0002480,"Mars Milk Chocolate with Soft Nougat & Caramel, 51 Gm",283,0,0,1,0,5,2016-08-01T14:30:00.000Z,2017-08-02T14:29:00.000Z
17912,5000159434539,GR-CS0002481,"Bounty Tender Coconut Chocolate, 285 Gm",284,0,0,1,0,5,2016-08-01T14:30:00.000Z,2017-08-02T14:29:00.000Z
17913,405230,GR-CS0002482,"M&M's Peanut Chocolate, 45 Gm",285,0,0,1,0,5,2016-08-01T14:30:00.000Z,2017-08-02T14:29:00.000Z
17914,4008400183022,GR-CS0002483,"Ferrero Raffaello Almond & Coconut Chocolate, 230 Gm",286,0,0,1,0,5,2016-08-01T14:30:00.000Z,2017-08-02T14:29:00.000Z
17915,7613032862350,GR-CS0002484,"Kit Kat Chunky Milk Chocolate, 46 Gm",287,0,0,1,0,5,2016-08-01T14:30:00.000Z,2017-08-02T14:29:00.000Z
17916,7622210327826,GR-CS0002485,"Cadbury Dairy Milk Marvelous Creations Jelly Popping Candy, 38 Gm",288,0,0,1,0,5,2016-08-01T14:30:00.000Z,2017-08-02T14:29:00.000Z
17917,6294003545604,GR-CS0002486,"Nestle Kit Kat Mini Chocolate, 250 Gm",289,0,0,1,0,5,2016-08-01T14:30:00.000Z,2017-08-02T14:29:00.000Z
17918,6294001813361,GR-CS0002487,"Snickers Chocolate, 6 X 50 Gm (300 Gm)",290,0,0,1,0,5,2016-08-01T14:30:00.000Z,2017-08-02T14:29:00.000Z
17919,5900951251849,GR-CS0002488,"Twix Chocolate Top Biscuits, 21 Gm",291,0,0,1,0,5,2016-08-01T14:30:00.000Z,2017-08-02T14:29:00.000Z
17920,8000500023976,GR-CS0002489,"Ferrero Raffaello Almond & Coconut Chocolate, 150 Gm",292,0,0,1,0,5,2016-08-01T14:30:00.000Z,2017-08-02T14:29:00.000Z
17921,76145766,GR-CS0002490,"Toblerone White Chocolate, 35 Gm",293,0,0,1,0,5,2016-08-01T14:30:00.000Z,2017-08-02T14:29:00.000Z
17922,5000159031103,GR-CS0002491,"Maltesers, 175 Gm",294,0,0,1,0,5,2016-08-01T14:30:00.000Z,2017-08-02T14:29:00.000Z
17923,76145759,GR-CS0002492,"Toblerone Milk Chocolate, 35 Gm",295,0,0,1,0,5,2016-08-01T14:30:00.000Z,2017-08-02T14:29:00.000Z
17924,8077101101,GR-CS0002493,"Meiji Yan Yan Chocolate Biscuit, 50 Gm",296,0,0,1,0,5,2016-08-01T14:30:00.000Z,2017-08-02T14:29:00.000Z
17925,7622210077660,GR-CS0002494,"Cadbury Dairy Milk Bubbly Chocolate, 28 Gm",297,0,0,1,0,5,2016-08-01T14:30:00.000Z,2017-08-02T14:29:00.000Z
17926,50312351,GR-CS0002495,"Cadbury Flake Chocolate, 32 Gm",298,0,0,1,0,5,2016-08-01T14:30:00.000Z,2017-08-02T14:29:00.000Z
17927,6294003545581,GR-CS0002496,"Nestle Kit Kat Chunky Chocolate Mini, 250 gm",299,0,0,1,0,5,2016-08-01T14:30:00.000Z,2017-08-02T14:29:00.000Z
17928,6294001821700,GR-CS0002497,"Galaxy Smooth Milk Chocolate, 90 Gm",300,0,0,1,0,5,2016-08-01T14:30:00.000Z,2017-08-02T14:29:00.000Z
17929,8000500180709,GR-CS0002498,"Kinder Bueno Mini With Milk & Hazelnut Chocolate, 108 Gm",301,0,0,1,0,5,2016-08-01T14:30:00.000Z,2017-08-02T14:29:00.000Z
17930,40111490,GR-CS0002499,"M&m's Milk Chocolate, 45 Gm",302,0,0,1,0,5,2016-08-01T14:30:00.000Z,2017-08-02T14:29:00.000Z
17931,3046920028363,GR-CS0002500,"Lindt Excellence 85 % Cocoa Dark Chocolate, 100 Gm",303,0,0,1,0,5,2016-08-01T14:30:00.000Z,2017-08-02T14:29:00.000Z
17932,6221134002638,GR-CS0002501,"Galaxy Fluts 4 Fingers, 45 Gm",304,0,0,1,0,5,2016-08-01T14:30:00.000Z,2017-08-02T14:29:00.000Z
17933,80761761,GR-CS0002502,"Kinder Bueno White, 2 X 19.5 Gm",305,0,0,1,0,5,2016-08-01T14:30:00.000Z,2017-08-02T14:29:00.000Z
17934,7622300708450,GR-CS0002503,"Cadbury Flake Dipped, 32 Gm",306,0,0,1,0,5,2016-08-01T14:30:00.000Z,2017-08-02T14:29:00.000Z
17935,76145513,GR-CS0002504,"Toblerone Milk Chocolate, 50 Gm",307,0,0,1,0,5,2016-08-01T14:30:00.000Z,2017-08-02T14:29:00.000Z
17936,6221134001129,GR-CS0002505,"Galaxy Fruit & Nut, 40 Gm",308,0,0,1,0,5,2016-08-01T14:30:00.000Z,2017-08-02T14:29:00.000Z
17937,6221134002812,GR-CS0002506,"Galaxy Flutes, 24 X 11.25 Gm",309,0,0,1,0,5,2016-08-01T14:30:00.000Z,2017-08-02T14:29:00.000Z
17938,7614500010013,GR-CS0002507,"Toblerone Milk Chocolat, 100 Gm",310,0,0,1,0,5,2016-08-01T14:30:00.000Z,2017-08-02T14:29:00.000Z
17939,5034660517535,GR-CS0002508,"Cadbury Time Out, 32 Gm",311,0,0,1,0,5,2016-08-01T14:30:00.000Z,2017-08-02T14:29:00.000Z
17940,34000239085,GR-CS0002509,"Hershey's Cookies'n Crème White Chocolate with Cookies Bits, 35 Gm",312,0,0,1,0,5,2016-08-01T14:30:00.000Z,2017-08-02T14:29:00.000Z
17941,3046920028004,GR-CS0002510,"Lindt Excellence 70 % Cocoa Dark Chocolate, 100 Gm",313,0,0,1,0,5,2016-08-01T14:30:00.000Z,2017-08-02T14:29:00.000Z
17942,7610400014571,GR-CS0002511,"Lindt Swiss Classic White Chocolate, 100 Gm",314,0,0,1,0,5,2016-08-01T14:30:00.000Z,2017-08-02T14:29:00.000Z
17943,7610400010108,GR-CS0002512,"Lindt Swiss Classic Dark Chocolate, 100 Gm",315,0,0,1,0,5,2016-08-01T14:30:00.000Z,2017-08-02T14:29:00.000Z
17944,7613032383015,GR-CS0002513,"Nestle Milkybar, 100 Gm",316,0,0,1,0,5,2016-08-01T14:30:00.000Z,2017-08-02T14:29:00.000Z
17945,6294003528799,GR-CS0002514,"Nestle Kitkat Chunky Caramel Chocolate, 52.5 Gm",317,0,0,1,0,5,2016-08-01T14:30:00.000Z,2017-08-02T14:29:00.000Z
17946,6221021119005,GR-CS0002515,"Cadbury Dairy Milk With Fruit & Nut, 230 Gm",318,0,0,1,0,5,2016-08-01T14:30:00.000Z,2017-08-02T14:29:00.000Z
17947,7610400074155,GR-CS0002516,"Lindt Lindor Extra Dark Chocolate, 100 Gm",319,0,0,1,0,5,2016-08-01T14:30:00.000Z,2017-08-02T14:29:00.000Z
17948,6221021120001,GR-CS0002517,"Cadbury Dairy Milk Hazelnut Chocolate, 227 Gm",320,0,0,1,0,5,2016-08-01T14:30:00.000Z,2017-08-02T14:29:00.000Z
17949,7610400014632,GR-CS0002518,"Lindt Lindor White Chocolate, 100 Gm",321,0,0,1,0,5,2016-08-01T14:30:00.000Z,2017-08-02T14:29:00.000Z
17950,5000159404259,GR-CS0002519,"Snickers Chocolate, 6 X 50 Gm",322,0,0,1,0,5,2016-08-01T14:30:00.000Z,2017-08-02T14:29:00.000Z
17951,7610400014649,GR-CS0002520,"Lindt Lindor Swiss Milk Chocolate, 100 Gm",323,0,0,1,0,5,2016-08-01T14:30:00.000Z,2017-08-02T14:29:00.000Z
17952,8077101118,GR-CS0002521,"Meiji Yan Yan Strawberry Biscuit, 50 Gm",324,0,0,1,0,5,2016-08-01T14:30:00.000Z,2017-08-02T14:29:00.000Z
17953,6294001823216,GR-CS0002522,"Snickers Extra Caramel Chocolate, 47 Gm",325,0,0,1,0,5,2016-08-01T14:30:00.000Z,2017-08-02T14:29:00.000Z
17954,6294001821670,GR-CS0002523,"Galaxy Caramel Chocolate, 40 Gm",326,0,0,1,0,5,2016-08-01T14:30:00.000Z,2017-08-02T14:29:00.000Z
17955,3046920028370,GR-CS0002524,"Lindt Excellence Intense Orange Dark Chocolate, 100 Gm",327,0,0,1,0,5,2016-08-01T14:30:00.000Z,2017-08-02T14:29:00.000Z
17956,6294001813910,GR-CS0002525,"Galaxy Ripple, 25 Gm",328,0,0,1,0,5,2016-08-01T14:30:00.000Z,2017-08-02T14:29:00.000Z
17957,6294001800279,GR-CS0002526,"Galaxy Crispy Chocolate, 36 Gm",329,0,0,1,0,5,2016-08-01T14:30:00.000Z,2017-08-02T14:29:00.000Z
17958,7622210335647,GR-CS0002527,"Cadbury Dairy Milk Chocolate, 90 Gm",330,0,0,1,0,5,2016-08-01T14:30:00.000Z,2017-08-02T14:29:00.000Z
17959,7622210292704,GR-CS0002528,"Cadbury Dairy Milk Hazelnut Chocolate, 37 Gm",331,0,0,1,0,5,2016-08-01T14:30:00.000Z,2017-08-02T14:29:00.000Z
17960,34000440115,GR-CS0002529,"Reese's 3 Peanut Butter Cups, 51 Gm",332,0,0,1,0,5,2016-08-01T14:30:00.000Z,2017-08-02T14:29:00.000Z
17961,5900951028502,GR-CS0002530,"Twix Extra Chocolate, 75 Gm",333,0,0,1,0,5,2016-08-01T14:30:00.000Z,2017-08-02T14:29:00.000Z
17962,3046920028752,GR-CS0002531,"Lindt Excellence Mint Intense Dark Chocolate, 100 Gm",334,0,0,1,0,5,2016-08-01T14:30:00.000Z,2017-08-02T14:29:00.000Z
17963,7622210335630,GR-CS0002532,"Cadbury Dairy Milk Hazelnut Chocolate, 90 Gm",335,0,0,1,0,5,2016-08-01T14:30:00.000Z,2017-08-02T14:29:00.000Z
17964,7610400068369,GR-CS0002533,"Lindt Lindor Milk Chocolate With Hazelnut, 100 Gm",336,0,0,1,0,5,2016-08-01T14:30:00.000Z,2017-08-02T14:29:00.000Z
17965,8888077101378,GR-CS0002534,"Meiji Yan Yan Creamy Choco Hazelnut Biscuit, 44 Gm",337,0,0,1,0,5,2016-08-01T14:30:00.000Z,2017-08-02T14:29:00.000Z
17966,5000159417426,GR-CS0002535,"Twix Fingers, 207 Gm",338,0,0,1,0,5,2016-08-01T14:30:00.000Z,2017-08-02T14:29:00.000Z
17967,6294001821731,GR-CS0002536,"Galaxy Hazelnut Chocolate, 90 Gm",339,0,0,1,0,5,2016-08-01T14:30:00.000Z,2017-08-02T14:29:00.000Z
17968,7610400075787,GR-CS0002537,"Lindt Les Grandes 34 % Hazelnut Dark Chocolate, 150 Gm",340,0,0,1,0,5,2016-08-01T14:30:00.000Z,2017-08-02T14:29:00.000Z
17969,7610400080354,GR-CS0002538,"Lindt Excellence Cherry Intense Dark Chocolate, 100 Gm",341,0,0,1,0,5,2016-08-01T14:30:00.000Z,2017-08-02T14:29:00.000Z
17970,7610400010481,GR-CS0002539,"Lindt Excellence Extra Creamy Milk Chocolate, 100 Gm",342,0,0,1,0,5,2016-08-01T14:30:00.000Z,2017-08-02T14:29:00.000Z
17971,7610400075794,GR-CS0002540,"Lindt Les Grandes 32 % Almonds White Chocolate, 150 gm",343,0,0,1,0,5,2016-08-01T14:30:00.000Z,2017-08-02T14:29:00.000Z
17972,7610400075787,GR-CS0002541,"Lindt Les Grandes 34 % Hazelnut Milk Chocolate, 150 Gm",344,0,0,1,0,5,2016-08-01T14:30:00.000Z,2017-08-02T14:29:00.000Z
17973,7610400010016,GR-CS0002542,"Lindt Swiss Classic Milk Chocolate With Raisins & Nuts, 100 Gm",345,0,0,1,0,5,2016-08-01T14:30:00.000Z,2017-08-02T14:29:00.000Z
17974,3400010922,GR-CS0002543,"Reese's Nut Bar Milk Chocolate Bar, 47 Gm",346,0,0,1,0,5,2016-08-01T14:30:00.000Z,2017-08-02T14:29:00.000Z
17975,7610400071628,GR-CS0002544,"Lindt Excellence Chilli Dark Chocolate, 100 Gm",347,0,0,1,0,5,2016-08-01T14:30:00.000Z,2017-08-02T14:29:00.000Z
17976,7610400071628,GR-CS0002544,"Lindt Excellence Chilli Dark Chocolate, 100 Gm",348,0,0,1,0,5,2016-08-01T14:30:00.000Z,2017-08-02T14:29:00.000Z
17977,7610400080552,GR-CS0002545,"Lindt Excellence Black Current Dark Chocolate, 100 Gm",349,0,0,1,0,5,2016-08-01T14:30:00.000Z,2017-08-02T14:29:00.000Z
17978,3046920027281,GR-CS0002546,"Lindt Excellence Caramel With A Touch Of Sea Salt Dark Chocolate, 100 Gm",350,0,0,1,0,5,2016-08-01T14:30:00.000Z,2017-08-02T14:29:00.000Z
17979,7610400069472,GR-CS0002547,"Lindt Creation Mousse Au Chocolate Milk, 140 Gm",351,0,0,1,0,5,2016-08-01T14:30:00.000Z,2017-08-02T14:29:00.000Z
17980,0,GR-CS0002548,"Canderel Milk Chocolate with Fruits and Nuts, 85 Gm",352,0,0,1,0,5,2016-08-01T14:30:00.000Z,2017-08-02T14:29:00.000Z
17981,0,GR-CS0002549,Canderel Dark Chocolate 85 Gm,353,0,0,1,0,5,2016-08-01T14:30:00.000Z,2017-08-02T14:29:00.000Z
17982,3046920043489,GR-CS0002550,Lindt Creation Crème Brulee Milk 150 gm,354,0,0,1,0,5,2016-08-01T14:30:00.000Z,2017-08-02T14:29:00.000Z
17983,0,GR-CS0002551,Canderel Milk Chocolate With Crispy Cereals And Almonds 85 Gm,355,0,0,1,0,5,2016-08-01T14:30:00.000Z,2017-08-02T14:29:00.000Z
17984,3046920017503,GR-CS0002552,Lindt Excellence Roasted Sesame Dark Chocolate 100 gm,356,0,0,1,0,5,2016-08-01T14:30:00.000Z,2017-08-02T14:29:00.000Z
17985,7640110704066,GR-CS0002553,Canderel Almonds In Milk Chocolate 55 Gm,357,0,0,1,0,5,2016-08-01T14:30:00.000Z,2017-08-02T14:29:00.000Z
17986,0,GR-CS0002554,Canderel Milk Chocolate 85 Gm,358,0,0,1,0,5,2016-08-01T14:30:00.000Z,2017-08-02T14:29:00.000Z
17987,7640110701249,GR-CS0002555,Canderel Milk Chocolate with Crispy Cereals 85 Gm,359,0,0,1,0,5,2016-08-01T14:30:00.000Z,2017-08-02T14:29:00.000Z
17988,56094039,GR-CS0002556,Canderel Milk Chocolate With Crispy Cereals And Almonds 27 Gm,360,0,0,1,0,5,2016-08-01T14:30:00.000Z,2017-08-02T14:29:00.000Z
17989,3046920043663,GR-CS0002557,Lindt Creation Hazelnut Delux Milk Chocolate 150 gm,361,0,0,1,0,5,2016-08-01T14:30:00.000Z,2017-08-02T14:29:00.000Z
17990,0,GR-CS0002558,Canderel Diet Milk Chocolate With Crispy Cereals 27 Gm,362,0,0,1,0,5,2016-08-01T14:30:00.000Z,2017-08-02T14:29:00.000Z
17991,0,GR-CS0002560,Canderel Milk Chocolate With Raisins And Almonds With Sweeteners 27 Gm,363,0,0,1,0,5,2016-08-01T14:30:00.000Z,2017-08-02T14:29:00.000Z
17992,0,GR-CS0002561,Ricola Alpin Fresh 45 Gm,364,0,0,1,0,5,2016-08-01T14:30:00.000Z,2017-08-02T14:29:00.000Z
17993,5420042501047,GR-CS0002562,Duke And Mandarine Milk Praline 42 Gm,365,0,0,1,0,5,2016-08-01T14:30:00.000Z,2017-08-02T14:29:00.000Z
17994,0,GR-CS0002563,Ricola Original Herb 45 Gm,366,0,0,1,0,5,2016-08-01T14:30:00.000Z,2017-08-02T14:29:00.000Z
17995,5420042501177,GR-CS0002564,Duke And Mandarine Dark Chocolate 85 Gm,367,0,0,1,0,5,2016-08-01T14:30:00.000Z,2017-08-02T14:29:00.000Z
17996,5413777420073,GR-CS0002566,Bel Arte Milk Dark Ganache & Cocoa Nibs 42 Gm,368,0,0,1,0,5,2016-08-01T14:30:00.000Z,2017-08-02T14:29:00.000Z
17997,5420042501016,GR-CS0002567,Duke And Mandarine Dark Chocolate 42 Gm,369,0,0,1,0,5,2016-08-01T14:30:00.000Z,2017-08-02T14:29:00.000Z
17998,5413777420066,GR-CS0002568,Bel Arte Dark Chocolate & Dark Ganache with Orange Nibs 42 Gm,370,0,0,1,0,5,2016-08-01T14:30:00.000Z,2017-08-02T14:29:00.000Z
17999,0,GR-CS0002569,Canderel Milk Chocolate With Nuts With Sweeteners 27 Gm,371,0,0,1,0,5,2016-08-01T14:30:00.000Z,2017-08-02T14:29:00.000Z
18000,5413777750040,GR-CS0002570,Bel Arte Hazelnut Chocolate 85 Gm,372,0,0,1,0,5,2016-08-01T14:30:00.000Z,2017-08-02T14:29:00.000Z
18001,5413777750019,GR-CS0002571,Bel Arte Milk Chocolate 85 Gm,373,0,0,1,0,5,2016-08-01T14:30:00.000Z,2017-08-02T14:29:00.000Z
18002,5420042501160,GR-CS0002572,Duke And Mandarine Milk Chocolate 85 Gm,374,0,0,1,0,5,2016-08-01T14:30:00.000Z,2017-08-02T14:29:00.000Z
18003,5413777750033,GR-CS0002573,Bel Arte White Chocolate 85 Gm,375,0,0,1,0,5,2016-08-01T14:30:00.000Z,2017-08-02T14:29:00.000Z
18004,0,GR-CS0002574,Canderel Dark Chocolate With Sweeteners 30 Gm,376,0,0,1,0,5,2016-08-01T14:30:00.000Z,2017-08-02T14:29:00.000Z
18005,5420042501238,GR-CS0002575,Duke And Mandarine Dark Orange 42 Gm,377,0,0,1,0,5,2016-08-01T14:30:00.000Z,2017-08-02T14:29:00.000Z
18006,0,GR-CS0002576,Canderel Dark Chocolate with Salt Flower 85 Gm,378,0,0,1,0,5,2016-08-01T14:30:00.000Z,2017-08-02T14:29:00.000Z
18007,5420042501214,GR-CS0002577,Duke And Mandarine Dark Chocolate With Orange 85 Gm,379,0,0,1,0,5,2016-08-01T14:30:00.000Z,2017-08-02T14:29:00.000Z
18008,0,GR-CS0002578,Ricola Blackcurrant 45 Gm,380,0,0,1,0,5,2016-08-01T14:30:00.000Z,2017-08-02T14:29:00.000Z
18009,0,GR-CS0002579,Canderel Bubble Aerated Milk Chocolate Sweeteners 30 Gm,381,0,0,1,0,5,2016-08-01T14:30:00.000Z,2017-08-02T14:29:00.000Z
18010,5420042501191,GR-CS0002580,Duke And Mandarine Dark Chocolate & Cocoa Nibs 85 Gm,382,0,0,1,0,5,2016-08-01T14:30:00.000Z,2017-08-02T14:29:00.000Z
18011,542042501184,GR-CS0002581,Duke And Mandarine Milk Chocolate With Hazelnut 85 Gm,383,0,0,1,0,5,2016-08-01T14:30:00.000Z,2017-08-02T14:29:00.000Z
18012,5412860004046,GR-CS0002582,BiteRite Praline Milk Chocolate 85 Gm,384,0,0,1,0,5,2016-08-01T14:30:00.000Z,2017-08-02T14:29:00.000Z
18013,5412860004039,GR-CS0002583,BiteRite Hazelnut Milk Chocolate 85 Gm,385,0,0,1,0,5,2016-08-01T14:30:00.000Z,2017-08-02T14:29:00.000Z
18014,0,GR-CS0002584,Canderel Milk Chocolate & Honey With Sweeteners 27 Gm,386,0,0,1,0,5,2016-08-01T14:30:00.000Z,2017-08-02T14:29:00.000Z
18015,0,GR-CS0002585,Canderel Milk Chocolate & Honey With Sweeteners 85 Gm,387,0,0,1,0,5,2016-08-01T14:30:00.000Z,2017-08-02T14:29:00.000Z
18016,0,GR-CS0002586,Canderel Dark Chocolate With Salt Flower With Sweeteners 27 Gm,388,0,0,1,0,5,2016-08-01T14:30:00.000Z,2017-08-02T14:29:00.000Z
18017,7622210384218,GR-CS0002587,Cadbury Dairy Milk Marvellous Creations Cookie Gummy Crunch 38 Gm,389,0,0,1,0,5,2016-08-01T14:30:00.000Z,2017-08-02T14:29:00.000Z
18018,9642836706388,GR-CS0002588,Hershey's Kisses Cookies'n'Crème  146 Gm,390,0,0,1,0,5,2016-08-01T14:30:00.000Z,2017-08-02T14:29:00.000Z
18019,7610400010108,GR-CS0002589,Lindt Swiss Classic Dark Chocolate 100 Gm,391,0,0,1,0,5,2016-08-01T14:30:00.000Z,2017-08-02T14:29:00.000Z
18020,7610400070195,GR-CS0002590,Lindt Swiss Classic White Chocolate With Almond Brittle 100 Gm,392,0,0,1,0,5,2016-08-01T14:30:00.000Z,2017-08-02T14:29:00.000Z
18021,3046920029582,GR-CS0002591,Lindt Excellence Fine Dark Chocolate 35 Gm,393,0,0,1,0,5,2016-08-01T14:30:00.000Z,2017-08-02T14:29:00.000Z
18022,7613034275127,GR-CS0002592,Nestle Lion Bars 42 Gm,394,0,0,1,0,5,2016-08-01T14:30:00.000Z,2017-08-02T14:29:00.000Z
18023,0,GR-CS0002593,Snickers Chocolates (6 x 50 Gm)* 2Pckts,395,0,0,1,0,5,2016-08-01T14:30:00.000Z,2017-08-02T14:29:00.000Z
18024,0,GR-CS0002594,Cadbury Dairy Milk Oreo 120 Gm x 2Pckts,396,0,0,1,0,5,2016-08-01T14:30:00.000Z,2017-08-02T14:29:00.000Z
18025,3046920029582,GR-CS0002595,Nestle Kitkat Crispy Wafer Fingers In Milk Chocolate 20.5 Gm X 12,397,0,0,1,0,5,2016-08-01T14:30:00.000Z,2017-08-02T14:29:00.000Z
18026,6294003557645,GR-CS0002596,Nestle Kitkat Crispy Wafer Fingers In Milk Chocolate 41.5 Gm X 6,398,0,0,1,0,5,2016-08-01T14:30:00.000Z,2017-08-02T14:29:00.000Z
18027,6294003554590,GR-CS0002597,Nestle Kitkat Chunky Crispy Wafer Fingers In Milk Chocolate 46 Gm X 5,399,0,0,1,0,5,2016-08-01T14:30:00.000Z,2017-08-02T14:29:00.000Z
18028,6942836703653,GR-CS0002598,Hershey's Kisses Cookies 'N' Crème 280 Gm,400,0,0,1,0,5,2016-08-01T14:30:00.000Z,2017-08-02T14:29:00.000Z
18029,0,GR-CS0002599,Nestle Smarties Mini Eggs,401,0,0,1,0,5,2016-08-01T14:30:00.000Z,2017-08-02T14:29:00.000Z
18030,0,GR-CS0002600,Nestle Milkybar Mini Eggs,402,0,0,1,0,5,2016-08-01T14:30:00.000Z,2017-08-02T14:29:00.000Z
18031,0,GR-CS0002601,Cadbury Crème Egg,403,0,0,1,0,5,2016-08-01T14:30:00.000Z,2017-08-02T14:29:00.000Z
18032,6294003563103,GR-CS0002602,Nestle Kitkat Senses Hazelnut,404,0,0,1,0,5,2016-08-01T14:30:00.000Z,2017-08-02T14:29:00.000Z
18033,0,GR-CS0002603,Nestle Lion Peanuts Chocolate 40 Gm,405,0,0,1,0,5,2016-08-01T14:30:00.000Z,2017-08-02T14:29:00.000Z
18034,6942836706432,GR-CS0002604,Hershey's Nuggets Cookies 'N' Cream White Chocolate 28 Gm,406,0,0,1,0,5,2016-08-01T14:30:00.000Z,2017-08-02T14:29:00.000Z
18035,34000609314,GR-CS0002605,Hershey's Creamy Milk Chocolate 35 Gm,407,0,0,1,0,5,2016-08-01T14:30:00.000Z,2017-08-02T14:29:00.000Z
18036,3046920029568,GR-CS0002606,Lindt Excellence Dark Chocolate Mint Intense 35 Gm,408,0,0,1,0,5,2016-08-01T14:30:00.000Z,2017-08-02T14:29:00.000Z
18037,0,GR-CS0002607,Kagi Classic Minis Swiss Chocolate Wafer Speciality 125 Gm,409,0,0,1,0,5,2016-08-01T14:30:00.000Z,2017-08-02T14:29:00.000Z
18038,7610400010016,GR-CS0002608,Lindt Swiss Classic Milk Chocolate 100 Gm,410,0,0,1,0,5,2016-08-01T14:30:00.000Z,2017-08-02T14:29:00.000Z
18039,5000159486972,GR-CS0002609,Twix White Chocolate Covered Caramel And Biscuit 46 Gm,411,0,0,1,0,5,2016-08-01T14:30:00.000Z,2017-08-02T14:29:00.000Z
18040,3046920028385,GR-CS0002610,Lindt Excellence Dark Chocolate 35 Gm,412,0,0,1,0,5,2016-08-01T14:30:00.000Z,2017-08-02T14:29:00.000Z
18041,0,GR-CS0002611,Cadbury Dairy Milk Marvellous Creations Jelly Popping Candy 160 Gm,413,0,0,1,0,5,2016-08-01T14:30:00.000Z,2017-08-02T14:29:00.000Z
18042,0,GR-CS0002612,Cadbury Royal Dark Mini Eggs 283 Gm,414,0,0,1,0,5,2016-08-01T14:30:00.000Z,2017-08-02T14:29:00.000Z
18043,6942836706210,GR-CS0002613,Hershey's Drops Whole Almonds Covered In Creamy Milk Chocolate 60 Gm,415,0,0,1,0,5,2016-08-01T14:30:00.000Z,2017-08-02T14:29:00.000Z
18044,0,GR-CS0002614,Kinder Chocolate With Cereals 23.5 Gm,416,0,0,1,0,5,2016-08-01T14:30:00.000Z,2017-08-02T14:29:00.000Z
18045,8593893732926,GR-CS0002615,Nestle Aero Chocolate Bar,417,0,0,1,0,5,2016-08-01T14:30:00.000Z,2017-08-02T14:29:00.000Z
18046,6942836706418,GR-CS0002616,Hershey's Nuggets Creamy Milk Chocolate With Almonds 28 Gm,418,0,0,1,0,5,2016-08-01T14:30:00.000Z,2017-08-02T14:29:00.000Z
18047,6942836706395,GR-CS0002617,Hershey's Nuggets Creamy Milk Chocolate 28 Gm,419,0,0,1,0,5,2016-08-01T14:30:00.000Z,2017-08-02T14:29:00.000Z
18048,0,GR-CS0002618,Kinder Bueno Mini,420,0,0,1,0,5,2016-08-01T14:30:00.000Z,2017-08-02T14:29:00.000Z
18049,0,GR-CS0002619,Bounty Tender Coconut Chocolate 5's 285 Gm x 2,421,0,0,1,0,5,2016-08-01T14:30:00.000Z,2017-08-02T14:29:00.000Z
18050,6294003561109,GR-CS0002620,Nestle Kit Kat Mini Moments 340 Gm,422,0,0,1,0,5,2016-08-01T14:30:00.000Z,2017-08-02T14:29:00.000Z
18051,0,GR-CS0002621,Galaxy Smooth Milk Chocolate,423,0,0,1,0,5,2016-08-01T14:30:00.000Z,2017-08-02T14:29:00.000Z
18052,5000159489898,GR-CS0002622,Galaxy Golden Egg Chocolate With Crunchy Caramel Rolled In Gold 80 Gm,424,0,0,1,0,5,2016-08-01T14:30:00.000Z,2017-08-02T14:29:00.000Z
18053,5000159489898,GR-CS0002623,Galaxy Golden Egg 80 Gm,425,0,0,1,0,5,2016-08-01T14:30:00.000Z,2017-08-02T14:29:00.000Z
18054,0,GR-CS0002624,Cadbury Mini Eggs 328 Gm,426,0,0,1,0,5,2016-08-01T14:30:00.000Z,2017-08-02T14:29:00.000Z
18055,0,GR-CS0002625,Nestle Aero Bubbles Milk Chocolate Egg 24 Gm,427,0,0,1,0,5,2016-08-01T14:30:00.000Z,2017-08-02T14:29:00.000Z
18056,8801117858001,GR-CS0002626,Orion Choco Boy Chocolate Biscuit 50 Gm,428,0,0,1,0,5,2016-08-01T14:30:00.000Z,2017-08-02T14:29:00.000Z
18057,5420042501207,GR-CS0002627,Duke And Mandarine Milk Chocolate With Caramel 85 Gm,429,0,0,1,0,5,2016-08-01T14:30:00.000Z,2017-08-02T14:29:00.000Z
18058,6294001823452,GR-CS0002628,Snickers Extra Nuts Chocolate 50 Gm,430,0,0,1,0,5,2016-08-01T14:30:00.000Z,2017-08-02T14:29:00.000Z
18059,7610400081863,GR-CS0002629,Lindt Les Grandes 36 % Toffee-Hazelnuts White Chocolate 150 gm,431,0,0,1,0,5,2016-08-01T14:30:00.000Z,2017-08-02T14:29:00.000Z
18060,3046920029674,GR-CS0002630,Lindt Excellence A Touch Of Sea Salt Dark Chocolate 100 gm,432,0,0,1,0,5,2016-08-01T14:30:00.000Z,2017-08-02T14:29:00.000Z
18061,5000101910968,GR-BH0000623,Imperial Leather Classic 125 Gm,433,0,0,1,0,5,2016-08-01T14:30:00.000Z,2017-08-02T14:29:00.000Z
18062,5000101910883,GR-BH0000624,Imperial Leather Extra Care 125 Gm,434,0,0,1,0,5,2016-08-01T14:30:00.000Z,2017-08-02T14:29:00.000Z
18063,0,GR-BH0000625,Himalaya Neem And Turmeric Protecting Soap 125 Gm,435,0,0,1,0,5,2016-08-01T14:30:00.000Z,2017-08-02T14:29:00.000Z
18064,0,GR-BH0000626,Himalaya Cucumber Refreshing Soap 125 Gm,436,0,0,1,0,5,2016-08-01T14:30:00.000Z,2017-08-02T14:29:00.000Z
18065,0,GR-BH0000627,Himalaya Cream And Honey Nourishing Soap 125 Gm,437,0,0,1,0,5,2016-08-01T14:30:00.000Z,2017-08-02T14:29:00.000Z
18066,0,GR-BH0000628,Himalaya Almond Moisturizing Soap 125 Gm,438,0,0,1,0,5,2016-08-01T14:30:00.000Z,2017-08-02T14:29:00.000Z
18067,628100647365,GR-BH0000629,Dove White Beauty Cream Bar 135 gm,439,0,0,1,0,5,2016-08-01T14:30:00.000Z,2017-08-02T14:29:00.000Z
18068,6281006473607,GR-BH0000630,Dove Pink Beauty Cream Bar 135 gm,440,0,0,1,0,5,2016-08-01T14:30:00.000Z,2017-08-02T14:29:00.000Z
18069,0,GR-BH0000632,Pyary Ayurvedic Turmeric Soap 75 gm,441,0,0,1,0,5,2016-08-01T14:30:00.000Z,2017-08-02T14:29:00.000Z
18070,8711600842984,GR-BH0000633,Dove Soap Shea Butter 135 gm,442,0,0,1,0,5,2016-08-01T14:30:00.000Z,2017-08-02T14:29:00.000Z
18071,6281006479647,GR-BH0000634,Lux Soap Creamy Perfection  170 gm,443,0,0,1,0,5,2016-08-01T14:30:00.000Z,2017-08-02T14:29:00.000Z
18072,6281006481336,GR-BH0000635,Dove White Beauty Cream Bar 160 gm,444,0,0,1,0,5,2016-08-01T14:30:00.000Z,2017-08-02T14:29:00.000Z
18073,8032979002008,GR-BH0000636,Alchimia Grapes Bilberry Vegetable Soap 200 Gm,445,0,0,1,0,5,2016-08-01T14:30:00.000Z,2017-08-02T14:29:00.000Z
18074,6281006481312,GR-BH0000637,Dove Pink Beauty Cream Bar 160 gm,446,0,0,1,0,5,2016-08-01T14:30:00.000Z,2017-08-02T14:29:00.000Z
18075,6281006479524,GR-BH0000638,Lux Soap Soft Touch  170 gm,447,0,0,1,0,5,2016-08-01T14:30:00.000Z,2017-08-02T14:29:00.000Z
18076,6281006479500,GR-BH0000639,Lux Soap Soft Touch 120 gm,448,0,0,1,0,5,2016-08-01T14:30:00.000Z,2017-08-02T14:29:00.000Z
18077,4800188108385,GR-BH0000640,Likas Papaya Soap 135 gm,449,0,0,1,0,5,2016-08-01T14:30:00.000Z,2017-08-02T14:29:00.000Z
18078,6001106105747,GR-BH0000641,Dettol Soap Original 165 gm,450,0,0,1,0,5,2016-08-01T14:30:00.000Z,2017-08-02T14:29:00.000Z
18079,0,GR-BH0000642,Lifebuoy Soap Total 10 With Actives 160 gm,451,0,0,1,0,5,2016-08-01T14:30:00.000Z,2017-08-02T14:29:00.000Z
18080,8712561306577,GR-BH0000643,Dove Coconut Milk Beauty Cream Bar 135 gm,452,0,0,1,0,5,2016-08-01T14:30:00.000Z,2017-08-02T14:29:00.000Z
18081,6281006479661,GR-BH0000644,Lux Soap Velvet Touch 120Gm,453,0,0,1,0,5,2016-08-01T14:30:00.000Z,2017-08-02T14:29:00.000Z
18082,6281006479685,GR-BH0000645,Lux Soap Velvet Touch  170 gm,454,0,0,1,0,5,2016-08-01T14:30:00.000Z,2017-08-02T14:29:00.000Z
18083,4806507831170,GR-BH0000646,Silka Whitening Herbal Soap 90 gm,455,0,0,1,0,5,2016-08-01T14:30:00.000Z,2017-08-02T14:29:00.000Z
18084,6001106105730,GR-BH0000647,Dettol Soap Fresh 165 gm,456,0,0,1,0,5,2016-08-01T14:30:00.000Z,2017-08-02T14:29:00.000Z
18085,8032979002404,GR-BH0000648,Alchimia Lemon Vegetable Soap 200 Gm,457,0,0,1,0,5,2016-08-01T14:30:00.000Z,2017-08-02T14:29:00.000Z
18086,0,GR-BH0000649,Pears Pure & Gentle Soap 125 gm,458,0,0,1,0,5,2016-08-01T14:30:00.000Z,2017-08-02T14:29:00.000Z
18087,6001106105747,GR-BH0000650,Dettol Soap Original 120 gm,459,0,0,1,0,5,2016-08-01T14:30:00.000Z,2017-08-02T14:29:00.000Z
18088,6281006479548,GR-BH0000651,Lux Soap Silk Sensation  120 gm,460,0,0,1,0,5,2016-08-01T14:30:00.000Z,2017-08-02T14:29:00.000Z
18089,6281006479562,GR-BH0000652,Lux Soap Silk Sensation  170 gm,461,0,0,1,0,5,2016-08-01T14:30:00.000Z,2017-08-02T14:29:00.000Z
18090,0,GR-BH0000654,Lifebuoy Soap Total 10 With Actives 125 gm,462,0,0,1,0,5,2016-08-01T14:30:00.000Z,2017-08-02T14:29:00.000Z
18091,6281006473881,GR-BH0000655,Dove Energies Beauty Bar 135 gm,463,0,0,1,0,5,2016-08-01T14:30:00.000Z,2017-08-02T14:29:00.000Z
18092,6001106100445,GR-BH0000656,Dettol Soap Fresh 120 gm,464,0,0,1,0,5,2016-08-01T14:30:00.000Z,2017-08-02T14:29:00.000Z
18093,8032979002411,GR-BH0000657,Alchimia Fresia Vegetable Soap 200 Gm,465,0,0,1,0,5,2016-08-01T14:30:00.000Z,2017-08-02T14:29:00.000Z
18094,0,GR-BH0000658,Rdl Papaya Whitening Soap 135 gm,466,0,0,1,0,5,2016-08-01T14:30:00.000Z,2017-08-02T14:29:00.000Z
18095,8032979002350,GR-BH0000659,Alchimia White Musk Vegetable Soap 200 Gm,467,0,0,1,0,5,2016-08-01T14:30:00.000Z,2017-08-02T14:29:00.000Z
18096,0,GR-BH0000660,Chandrika Ayurvedic Soap 75 gm,468,0,0,1,0,5,2016-08-01T14:30:00.000Z,2017-08-02T14:29:00.000Z
18097,6281006479722,GR-BH0000661,Lux Soap Secret Bliss 170 gm,469,0,0,1,0,5,2016-08-01T14:30:00.000Z,2017-08-02T14:29:00.000Z
18098,0,GR-BH0000662,Safeguard Soap Pure White 160 gm,470,0,0,1,0,5,2016-08-01T14:30:00.000Z,2017-08-02T14:29:00.000Z
18099,6281001342021,GR-BH0000663,Palmolive Natural Soap Milk & Rose 175 gm,471,0,0,1,0,5,2016-08-01T14:30:00.000Z,2017-08-02T14:29:00.000Z
18100,6281006479760,GR-BH0000664,Lux Soap Magical Beauty 170 gm,472,0,0,1,0,5,2016-08-01T14:30:00.000Z,2017-08-02T14:29:00.000Z
18101,6281006479746,GR-BH0000665,Lux Soap Magical Beauty 120 gm,473,0,0,1,0,5,2016-08-01T14:30:00.000Z,2017-08-02T14:29:00.000Z
18102,0,GR-BH0000666,Renew Glutathione Skin Whitening Soap 135 gm,474,0,0,1,0,5,2016-08-01T14:30:00.000Z,2017-08-02T14:29:00.000Z
18103,0,GR-BH0000667,Pears Soap With Mint Extract 125 gm,475,0,0,1,0,5,2016-08-01T14:30:00.000Z,2017-08-02T14:29:00.000Z
18104,0,GR-BH0000668,Medimix Moisturising Soap 125 gm,476,0,0,1,0,5,2016-08-01T14:30:00.000Z,2017-08-02T14:29:00.000Z
18105,6281001342038,GR-BH0000669,Palmolive Natural Soap Aloe & Olive 175 gm,477,0,0,1,0,5,2016-08-01T14:30:00.000Z,2017-08-02T14:29:00.000Z
18106,0,GR-BH0000670,Alchima Vegetable Soap Wisteria 200 gm,478,0,0,1,0,5,2016-08-01T14:30:00.000Z,2017-08-02T14:29:00.000Z
18107,6281006479708,GR-BH0000671,Lux Soap Secret Bliss 120 gm,479,0,0,1,0,5,2016-08-01T14:30:00.000Z,2017-08-02T14:29:00.000Z
18108,6001106112127,GR-BH0000672,Dettol Soap Cool 120 gm,480,0,0,1,0,5,2016-08-01T14:30:00.000Z,2017-08-02T14:29:00.000Z
18109,8032979002343,GR-BH0000673,Alchima Vegetable Soap Angy 200 gm,481,0,0,1,0,5,2016-08-01T14:30:00.000Z,2017-08-02T14:29:00.000Z
18110,0,GR-BH0000674,Medimix Sandal Soap With Eladi Oil 125 gm,482,0,0,1,0,5,2016-08-01T14:30:00.000Z,2017-08-02T14:29:00.000Z
18111,0,GR-BH0000675,Renew Placenta Classic Herbal Beauty Soap 135 Gm,483,0,0,1,0,5,2016-08-01T14:30:00.000Z,2017-08-02T14:29:00.000Z
18112,871716399138,GR-BH0000676,Dove Gentle Exfoliating Beauty Cream Bar 135 Gm,484,0,0,1,0,5,2016-08-01T14:30:00.000Z,2017-08-02T14:29:00.000Z
18113,6281006479487,GR-BH0000677,Lux Soap Aqua Sparkle 170 gm,485,0,0,1,0,5,2016-08-01T14:30:00.000Z,2017-08-02T14:29:00.000Z
18114,8032979002091,GR-BH0000678,Alchimia Amber Vegetable Soap 200 Gm,486,0,0,1,0,5,2016-08-01T14:30:00.000Z,2017-08-02T14:29:00.000Z
18115,6281001342038,GR-BH0000679,Palmolive Natural Soap Aloe & Olive 125 gm,487,0,0,1,0,5,2016-08-01T14:30:00.000Z,2017-08-02T14:29:00.000Z
18116,0,GR-BH0000680,Medimix Classic 18 Herbs Soap 125 gm,488,0,0,1,0,5,2016-08-01T14:30:00.000Z,2017-08-02T14:29:00.000Z
18117,8901287100419,GR-BH0000681,Mysore Sandal Soap 150 gm,489,0,0,1,0,5,2016-08-01T14:30:00.000Z,2017-08-02T14:29:00.000Z
18118,6281001342076,GR-BH0000682,Palmolive Natural Soap Herbal Extracts 175 ml,490,0,0,1,0,5,2016-08-01T14:30:00.000Z,2017-08-02T14:29:00.000Z
18119,8908000105034,GR-BH0000683,Pyary Papaya Herbal Soap 135 gm,491,0,0,1,0,5,2016-08-01T14:30:00.000Z,2017-08-02T14:29:00.000Z
18120,6281001341123,GR-BH0000684,Palmolive Natural Soap Milk & Rose 125 gm,492,0,0,1,0,5,2016-08-01T14:30:00.000Z,2017-08-02T14:29:00.000Z
18121,6281001341123,GR-BH0000685,Lux Soap Dream Delight 170 gm,493,0,0,1,0,5,2016-08-01T14:30:00.000Z,2017-08-02T14:29:00.000Z
18122,6281001342014,GR-BH0000686,Palmolive Natural Soap Balanced And Mild  175 ml,494,0,0,1,0,5,2016-08-01T14:30:00.000Z,2017-08-02T14:29:00.000Z
18123,0,GR-BH0000687,Pears Oil Clear Soap 125 gm,495,0,0,1,0,5,2016-08-01T14:30:00.000Z,2017-08-02T14:29:00.000Z
18124,6001106298500,GR-BH0000688,Dettol Skincare Anti-Bacterial Soap 165 Gm,496,0,0,1,0,5,2016-08-01T14:30:00.000Z,2017-08-02T14:29:00.000Z
18125,0,GR-BH0000689,Safeguard Anti Bacterial Soap Pure White 115 Gm,497,0,0,1,0,5,2016-08-01T14:30:00.000Z,2017-08-02T14:29:00.000Z
18126,6281006480933,GR-BH0000690,Lux Soap Sweet Embrace 170 gm,498,0,0,1,0,5,2016-08-01T14:30:00.000Z,2017-08-02T14:29:00.000Z
18127,6281006479463,GR-BH0000691,Lux Soap Aqua Sparkle 120 Gm,499,0,0,1,0,5,2016-08-01T14:30:00.000Z,2017-08-02T14:29:00.000Z
18128,0,GR-BH0000692,Renew Papaya Fruity Soap 135 gm,500,0,0,1,0,5,2016-08-01T14:30:00.000Z,2017-08-02T14:29:00.000Z
18129,0,GR-BH0000693,Sebamed Cleansing Bar For Normal Skin 150 gm,501,0,0,1,0,5,2016-08-01T14:30:00.000Z,2017-08-02T14:29:00.000Z
18130,5000101911316,GR-BH0000694,Imperial Leather Classic 175 gm,502,0,0,1,0,5,2016-08-01T14:30:00.000Z,2017-08-02T14:29:00.000Z
18131,6001106298494,GR-BH0000695,Dettol Skin Care Anti-Bacterial Soap 120 gm,503,0,0,1,0,5,2016-08-01T14:30:00.000Z,2017-08-02T14:29:00.000Z
18132,0,GR-BH0000696,Palmolive Natural Soap Herbal Extracts 125 ml,504,0,0,1,0,5,2016-08-01T14:30:00.000Z,2017-08-02T14:29:00.000Z
18133,6295120012536,GR-BH0000697,Dettol Anti Bacterial Re-Energize Soap 165 gm,505,0,0,1,0,5,2016-08-01T14:30:00.000Z,2017-08-02T14:29:00.000Z
18134,8901023000256,GR-BH0000698,Cinthol lime Refreshing Soap 175 gm,506,0,0,1,0,5,2016-08-01T14:30:00.000Z,2017-08-02T14:29:00.000Z
18135,6281006480971,GR-BH0000699,Lux Soap Dream Delight 120 gm,507,0,0,1,0,5,2016-08-01T14:30:00.000Z,2017-08-02T14:29:00.000Z
18136,6281001341116,GR-BH0000700,Palmolive Natural Soap Chamomile & Vitamin E 125 gm,508,0,0,1,0,5,2016-08-01T14:30:00.000Z,2017-08-02T14:29:00.000Z
18137,6281006480919,GR-BH0000701,Lux Soap Sweet Embrace 120 gm,509,0,0,1,0,5,2016-08-01T14:30:00.000Z,2017-08-02T14:29:00.000Z
18138,6001106110697,GR-BH0000702,Dettol Soap Sensitive 165 gm,510,0,0,1,0,5,2016-08-01T14:30:00.000Z,2017-08-02T14:29:00.000Z
18139,0,GR-BH0000703,Lifebuoy Soap Clini-Shield 10 Complete 150 gm,511,0,0,1,0,5,2016-08-01T14:30:00.000Z,2017-08-02T14:29:00.000Z
18140,0,GR-BH0000704,Yardley Soap English Lavender 100 gm,512,0,0,1,0,5,2016-08-01T14:30:00.000Z,2017-08-02T14:29:00.000Z
18141,0,GR-BH0000705,Lifebuoy Lemon Fresh Soap 160 gm,513,0,0,1,0,5,2016-08-01T14:30:00.000Z,2017-08-02T14:29:00.000Z
18142,0,GR-BH0000706,Sebamed Cleansing Bar For  sensitive Dry Skin 150 gm,514,0,0,1,0,5,2016-08-01T14:30:00.000Z,2017-08-02T14:29:00.000Z
18143,0,GR-BH0000707,Lifebuoy Soap Mild Care 160 Gm,515,0,0,1,0,5,2016-08-01T14:30:00.000Z,2017-08-02T14:29:00.000Z
18144,6281001342083,GR-BH0000708,Palmolive Natural Soap Habba Saouda 175 gm,516,0,0,1,0,5,2016-08-01T14:30:00.000Z,2017-08-02T14:29:00.000Z
18145,6281001341185,GR-BH0000709,Palmolive Natural Soap Habba Saouda 125 gm,517,0,0,1,0,5,2016-08-01T14:30:00.000Z,2017-08-02T14:29:00.000Z
18146,0,GR-BH0000710,Chandrika Sandal Soap 75 gm,518,0,0,1,0,5,2016-08-01T14:30:00.000Z,2017-08-02T14:29:00.000Z
18147,6281001341147,GR-BH0000711,Palmolive Natural Soap Citrus & Cream 125 gm,519,0,0,1,0,5,2016-08-01T14:30:00.000Z,2017-08-02T14:29:00.000Z
18148,6001106116408,GR-BH0000712,Dettol Anti Bacterial Active Soap 165 gm,520,0,0,1,0,5,2016-08-01T14:30:00.000Z,2017-08-02T14:29:00.000Z
18149,0,GR-BH0000713,Dettol Anti-Bacterial Bar Soap Re-Energize 120 gm,521,0,0,1,0,5,2016-08-01T14:30:00.000Z,2017-08-02T14:29:00.000Z
18150,8032979002428,GR-BH0000714,Alchima Handmade Vegetable Soap Bamboo 200 gm,522,0,0,1,0,5,2016-08-01T14:30:00.000Z,2017-08-02T14:29:00.000Z
18151,0,GR-BH0000715,Lifebuoy Soap Mild Care 125 Gm,523,0,0,1,0,5,2016-08-01T14:30:00.000Z,2017-08-02T14:29:00.000Z
18152,6281006472778,GR-BH0000716,Lifebuoy Soap Nature 125 Gm,524,0,0,1,0,5,2016-08-01T14:30:00.000Z,2017-08-02T14:29:00.000Z
18153,0,GR-BH0000717,Sebamed Cleansing Bar 100 Gm,525,0,0,1,0,5,2016-08-01T14:30:00.000Z,2017-08-02T14:29:00.000Z
18154,0,GR-BH0000718,Lifebuoy Soap Lemon Fresh 125 Gm,526,0,0,1,0,5,2016-08-01T14:30:00.000Z,2017-08-02T14:29:00.000Z
18155,0,GR-BH0000719,Lifebuoy Soap Cool Fresh 160 Gm,527,0,0,1,0,5,2016-08-01T14:30:00.000Z,2017-08-02T14:29:00.000Z
18156,0,GR-BH0000720,Dettol Anti-Bacterial Bar Soap Sensitive 120 Gm,528,0,0,1,0,5,2016-08-01T14:30:00.000Z,2017-08-02T14:29:00.000Z
18157,0,GR-BH0000721,Dettol Anti-Bacterial Bar Soap Active 120 Gm,529,0,0,1,0,5,2016-08-01T14:30:00.000Z,2017-08-02T14:29:00.000Z
18158,6281006472778,GR-BH0000722,Lifebuoy Soap Nature 160 Gm,530,0,0,1,0,5,2016-08-01T14:30:00.000Z,2017-08-02T14:29:00.000Z
18159,281006476325,GR-BH0000723,Lifebuoy Soap Cool Fresh 125 Gm,531,0,0,1,0,5,2016-08-01T14:30:00.000Z,2017-08-02T14:29:00.000Z
18160,281006479159,GR-BH0000724,Lifebuoy Soap Vita Protect 125 Gm,532,0,0,1,0,5,2016-08-01T14:30:00.000Z,2017-08-02T14:29:00.000Z
18161,281006479159,GR-BH0000725,Lifebuoy Soap Vita Protect 160 Gm,533,0,0,1,0,5,2016-08-01T14:30:00.000Z,2017-08-02T14:29:00.000Z
18162,0,GR-BH0000726,Dettol Healthy Kids Anti-Bacterial Bar Soap Princess 120 Gm,534,0,0,1,0,5,2016-08-01T14:30:00.000Z,2017-08-02T14:29:00.000Z
18163,0,GR-BH0000727,Dettol Healthy Kids Anti-Bacterial Bar Soap Prince 120 Gm,535,0,0,1,0,5,2016-08-01T14:30:00.000Z,2017-08-02T14:29:00.000Z
18164,0,GR-BH0000728,Dove Go Fresh Fresh Touch Beauty Cream Bar 135 gm,536,0,0,1,0,5,2016-08-01T14:30:00.000Z,2017-08-02T14:29:00.000Z
18165,0,GR-BH0000729,Jergens Antibacterial Soap 125 Gm X 6,537,0,0,1,0,5,2016-08-01T14:30:00.000Z,2017-08-02T14:29:00.000Z
18166,0,GR-BH0000730,Jergens Softening Musk Soap 125 Gm X 6,538,0,0,1,0,5,2016-08-01T14:30:00.000Z,2017-08-02T14:29:00.000Z
18167,0,GR-BH0000731,Camay Dynamique Beauty Bar 175 Gm x 6,539,0,0,1,0,5,2016-08-01T14:30:00.000Z,2017-08-02T14:29:00.000Z
18168,0,GR-BH0000732,Camay Vintage Beauty Bar 175 Gm x 6,540,0,0,1,0,5,2016-08-01T14:30:00.000Z,2017-08-02T14:29:00.000Z
18169,0,GR-BH0000733,Camay Zerlina Dubois Beauty Bar 175 Gm x 6,541,0,0,1,0,5,2016-08-01T14:30:00.000Z,2017-08-02T14:29:00.000Z
18170,0,GR-BH0000734,Camay Romantique Beauty Bar 175 Gm x 6,542,0,0,1,0,5,2016-08-01T14:30:00.000Z,2017-08-02T14:29:00.000Z
18171,6281006479098,GR-BH0000735,Lifebuoy Soap Moisture Plus 160 Gm,543,0,0,1,0,5,2016-08-01T14:30:00.000Z,2017-08-02T14:29:00.000Z
18172,4902430935593,GR-BH0000736,Safeguard Soap Fresh Green 135 gm,544,0,0,1,0,5,2016-08-01T14:30:00.000Z,2017-08-02T14:29:00.000Z
18173,4902430934800,GR-BH0000737,Safeguard Pure White Soap 135 gm,545,0,0,1,0,5,2016-08-01T14:30:00.000Z,2017-08-02T14:29:00.000Z
18174,6281006479623,GR-BH0000631,Lux Soap Creamy Perfection  120 gm,546,0,0,1,0,5,2016-08-01T14:30:00.000Z,2017-08-02T14:29:00.000Z
18175,6281001305026,GR-BH0000653,Cleopatra Beauty Soap 125 gm,547,0,0,1,0,5,2016-08-01T14:30:00.000Z,2017-08-02T14:29:00.000Z
18176,0,GR-BH0000754,Vaseline Lotion Aloe Fresh - 400 Ml,548,0,0,1,0,5,2016-08-01T14:30:00.000Z,2017-08-02T14:29:00.000Z
18177,0,GR-BH0001516,Dettol Liquid Hand wash Fresh Anti bacterial 200 ml x 3,549,0,0,1,0,5,2016-08-01T14:30:00.000Z,2017-08-02T14:29:00.000Z
18730,7676767,GRTYT001,TESTBREAD TEST,550,0,0,1,0,5,0000-00-00 00:00:00,0000-00-00 00:00:00
26465,0,uiyu,test,,,,,,,,
26467,3434410002663,GR-SSS0007498,Bayara Black Pepper Whole 200 gm,,0,0,1,0,5,0000-00-00 00:00:00,0000-00-00 00:00:00
26476,0,555,test cleaning per hour,,,,,,,,
28198,0,GR-MFC0006859,Lamb Meat Sausage Spicy - 250 gm,,,,,,,,
47295,0,GR-MFC0006862,Beef Cheese Burger - per 500 gm,,,,,,,,